p,k,q,i,omega,u
42000.000000,0.000000,0.785398,0.010000,0.523599,1.047198
sigma_p,sigma_k,sigma_q,sigma_i,sigma_omega,u
0.000000,-0.000377,-1.000000,0.000266,0.000269,0.000377
t.d,t.s,lon,alt,lon_noisy,alt_noisy,lon_err,alt_err,fmax(lon_err, alt_err))
0,100.000000,-0.955780,-0.014134,-0.956007,-0.014473,0.000227,0.000339,0.000339
0,200.000000,-0.963003,-0.028067,-0.963115,-0.028150,0.000112,0.000083,0.000112
0,300.000000,-0.970227,-0.041807,-0.970340,-0.041894,0.000113,0.000087,0.000113
0,400.000000,-0.977451,-0.055358,-0.977565,-0.055447,0.000114,0.000090,0.000114
0,500.000000,-0.984677,-0.068721,-0.984791,-0.068814,0.000115,0.000093,0.000115
0,600.000000,-0.991903,-0.081899,-0.992018,-0.081995,0.000115,0.000096,0.000115
0,700.000000,-0.999130,-0.094895,-0.999246,-0.094994,0.000116,0.000099,0.000116
0,800.000000,-1.006358,-0.107712,-1.006475,-0.107814,0.000117,0.000102,0.000117
0,900.000000,-1.013586,-0.120352,-1.013704,-0.120457,0.000118,0.000105,0.000118
0,1000.000000,-1.020815,-0.132818,-1.020934,-0.132926,0.000119,0.000108,0.000119
0,1100.000000,-1.028045,-0.145113,-1.028164,-0.145223,0.000119,0.000110,0.000119
0,1200.000000,-1.035275,-0.157239,-1.035396,-0.157352,0.000120,0.000113,0.000120
0,1300.000000,-1.042506,-0.169199,-1.042627,-0.169315,0.000121,0.000116,0.000121
0,1400.000000,-1.049738,-0.180996,-1.049860,-0.181114,0.000122,0.000118,0.000122
0,1500.000000,-1.056970,-0.192632,-1.057093,-0.192753,0.000122,0.000121,0.000122
0,1600.000000,-1.064203,-0.204110,-1.064326,-0.204234,0.000123,0.000124,0.000124
0,1700.000000,-1.071436,-0.215433,-1.071560,-0.215559,0.000124,0.000126,0.000126
0,1800.000000,-1.078670,-0.226602,-1.078794,-0.226731,0.000124,0.000128,0.000128
0,1900.000000,-1.085904,-0.237622,-1.086029,-0.237752,0.000125,0.000131,0.000131
0,2000.000000,-1.093139,-0.248493,-1.093265,-0.248626,0.000126,0.000133,0.000133
0,2100.000000,-1.100374,-0.259219,-1.100501,-0.259355,0.000127,0.000135,0.000135
0,2200.000000,-1.107610,-0.269803,-1.107737,-0.269940,0.000127,0.000138,0.000138
0,2300.000000,-1.114846,-0.280246,-1.114974,-0.280386,0.000128,0.000140,0.000140
0,2400.000000,-1.122082,-0.290551,-1.122211,-0.290693,0.000129,0.000142,0.000142
0,2500.000000,-1.129319,-0.300720,-1.129448,-0.300865,0.000129,0.000144,0.000144
0,2600.000000,-1.136556,-0.310757,-1.136686,-0.310903,0.000130,0.000146,0.000146
0,2700.000000,-1.143794,-0.320662,-1.143925,-0.320810,0.000131,0.000148,0.000148
0,2800.000000,-1.151032,-0.330439,-1.151163,-0.330589,0.000131,0.000150,0.000150
0,2900.000000,-1.158270,-0.340089,-1.158402,-0.340241,0.000132,0.000152,0.000152
0,3000.000000,-1.165509,-0.349615,-1.165641,-0.349769,0.000133,0.000154,0.000154
0,3100.000000,-1.172748,-0.359019,-1.172881,-0.359175,0.000133,0.000156,0.000156
0,3200.000000,-1.179987,-0.368304,-1.180121,-0.368461,0.000134,0.000158,0.000158
0,3300.000000,-1.187227,-0.377470,-1.187361,-0.377630,0.000134,0.000160,0.000160
0,3400.000000,-1.194466,-0.386521,-1.194601,-0.386682,0.000135,0.000162,0.000162
0,3500.000000,-1.201706,-0.395458,-1.201842,-0.395621,0.000136,0.000163,0.000163
0,3600.000000,-1.208947,-0.404283,-1.209083,-0.404448,0.000136,0.000165,0.000165
0,3700.000000,-1.216187,-0.412999,-1.216324,-0.413166,0.000137,0.000167,0.000167
0,3800.000000,-1.223428,-0.421607,-1.223566,-0.421775,0.000138,0.000168,0.000168
0,3900.000000,-1.230669,-0.430109,-1.230808,-0.430279,0.000138,0.000170,0.000170
0,4000.000000,-1.237911,-0.438507,-1.238050,-0.438678,0.000139,0.000171,0.000171
0,4100.000000,-1.245152,-0.446802,-1.245292,-0.446975,0.000139,0.000173,0.000173
0,4200.000000,-1.252394,-0.454998,-1.252534,-0.455172,0.000140,0.000175,0.000175
0,4300.000000,-1.259636,-0.463094,-1.259777,-0.463270,0.000141,0.000176,0.000176
0,4400.000000,-1.266878,-0.471094,-1.267020,-0.471271,0.000141,0.000178,0.000178
0,4500.000000,-1.274121,-0.478998,-1.274263,-0.479177,0.000142,0.000179,0.000179
0,4600.000000,-1.281363,-0.486809,-1.281506,-0.486989,0.000142,0.000180,0.000180
0,4700.000000,-1.288606,-0.494528,-1.288749,-0.494709,0.000143,0.000182,0.000182
0,4800.000000,-1.295849,-0.502156,-1.295993,-0.502339,0.000144,0.000183,0.000183
0,4900.000000,-1.303092,-0.509695,-1.303236,-0.509880,0.000144,0.000184,0.000184
0,5000.000000,-1.310335,-0.517148,-1.310480,-0.517333,0.000145,0.000186,0.000186
0,5100.000000,-1.317579,-0.524514,-1.317724,-0.524701,0.000145,0.000187,0.000187
0,5200.000000,-1.324822,-0.531796,-1.324968,-0.531984,0.000146,0.000188,0.000188
0,5300.000000,-1.332066,-0.538995,-1.332213,-0.539185,0.000147,0.000190,0.000190
0,5400.000000,-1.339310,-0.546113,-1.339457,-0.546304,0.000147,0.000191,0.000191
0,5500.000000,-1.346554,-0.553150,-1.346702,-0.553342,0.000148,0.000192,0.000192
0,5600.000000,-1.353798,-0.560109,-1.353946,-0.560302,0.000148,0.000193,0.000193
0,5700.000000,-1.361042,-0.566991,-1.361191,-0.567185,0.000149,0.000194,0.000194
0,5800.000000,-1.368286,-0.573796,-1.368436,-0.573991,0.000149,0.000195,0.000195
0,5900.000000,-1.375531,-0.580526,-1.375681,-0.580723,0.000150,0.000196,0.000196
0,6000.000000,-1.382775,-0.587183,-1.382926,-0.587381,0.000151,0.000198,0.000198
0,6100.000000,-1.390020,-0.593768,-1.390171,-0.593966,0.000151,0.000199,0.000199
0,6200.000000,-1.397265,-0.600281,-1.397417,-0.600481,0.000152,0.000200,0.000200
0,6300.000000,-1.404510,-0.606724,-1.404662,-0.606925,0.000152,0.000201,0.000201
0,6400.000000,-1.411755,-0.613099,-1.411907,-0.613301,0.000153,0.000202,0.000202
0,6500.000000,-1.419000,-0.619406,-1.419153,-0.619609,0.000153,0.000203,0.000203
0,6600.000000,-1.426245,-0.625646,-1.426399,-0.625850,0.000154,0.000204,0.000204
0,6700.000000,-1.433490,-0.631821,-1.433644,-0.632026,0.000155,0.000205,0.000205
0,6800.000000,-1.440735,-0.637932,-1.440890,-0.638137,0.000155,0.000206,0.000206
0,6900.000000,-1.447980,-0.643979,-1.448136,-0.644185,0.000156,0.000206,0.000206
0,7000.000000,-1.455226,-0.649963,-1.455382,-0.650171,0.000156,0.000207,0.000207
0,7100.000000,-1.462471,-0.655887,-1.462628,-0.656095,0.000157,0.000208,0.000208
0,7200.000000,-1.469716,-0.661750,-1.469874,-0.661959,0.000157,0.000209,0.000209
0,7300.000000,-1.476962,-0.667553,-1.477120,-0.667763,0.000158,0.000210,0.000210
0,7400.000000,-1.484208,-0.673299,-1.484366,-0.673509,0.000158,0.000211,0.000211
0,7500.000000,-1.491453,-0.678986,-1.491612,-0.679198,0.000159,0.000212,0.000212
0,7600.000000,-1.498699,-0.684617,-1.498858,-0.684830,0.000160,0.000213,0.000213
0,7700.000000,-1.505944,-0.690192,-1.506105,-0.690406,0.000160,0.000213,0.000213
0,7800.000000,-1.513190,-0.695713,-1.513351,-0.695927,0.000161,0.000214,0.000214
0,7900.000000,-1.520436,-0.701179,-1.520597,-0.701394,0.000161,0.000215,0.000215
0,8000.000000,-1.527682,-0.706592,-1.527843,-0.706808,0.000162,0.000216,0.000216
0,8100.000000,-1.534927,-0.711953,-1.535090,-0.712170,0.000162,0.000216,0.000216
0,8200.000000,-1.542173,-0.717263,-1.542336,-0.717480,0.000163,0.000217,0.000217
0,8300.000000,-1.549419,-0.722521,-1.549583,-0.722739,0.000163,0.000218,0.000218
0,8400.000000,-1.556665,-0.727730,-1.556829,-0.727949,0.000164,0.000219,0.000219
0,8500.000000,-1.563911,-0.732889,-1.564076,-0.733109,0.000165,0.000219,0.000219
0,8600.000000,-1.571144,-0.738000,-1.571313,-0.738220,0.000169,0.000220,0.000220
0,8700.000000,-1.578402,-0.743063,-1.578567,-0.743284,0.000166,0.000221,0.000221
0,8800.000000,-1.585648,-0.748080,-1.585814,-0.748301,0.000166,0.000221,0.000221
0,8900.000000,-1.592894,-0.753049,-1.593061,-0.753271,0.000167,0.000222,0.000222
0,9000.000000,-1.600140,-0.757974,-1.600307,-0.758196,0.000167,0.000223,0.000223
0,9100.000000,-1.607386,-0.762853,-1.607554,-0.763076,0.000168,0.000223,0.000223
0,9200.000000,-1.614632,-0.767688,-1.614800,-0.767912,0.000168,0.000224,0.000224
0,9300.000000,-1.621877,-0.772479,-1.622046,-0.772704,0.000169,0.000225,0.000225
0,9400.000000,-1.629123,-0.777227,-1.629293,-0.777452,0.000170,0.000225,0.000225
0,9500.000000,-1.636369,-0.781933,-1.636539,-0.782159,0.000170,0.000226,0.000226
0,9600.000000,-1.643615,-0.786597,-1.643786,-0.786824,0.000171,0.000226,0.000226
0,9700.000000,-1.650861,-0.791220,-1.651032,-0.791447,0.000171,0.000227,0.000227
0,9800.000000,-1.658106,-0.795803,-1.658278,-0.796030,0.000172,0.000228,0.000228
0,9900.000000,-1.665352,-0.800345,-1.665524,-0.800573,0.000172,0.000228,0.000228
0,10000.000000,-1.672598,-0.804848,-1.672771,-0.805077,0.000173,0.000229,0.000229
0,10100.000000,-1.679844,-0.809312,-1.680017,-0.809541,0.000173,0.000229,0.000229
0,10200.000000,-1.687089,-0.813738,-1.687263,-0.813968,0.000174,0.000230,0.000230
0,10300.000000,-1.694335,-0.818126,-1.694509,-0.818356,0.000174,0.000230,0.000230
0,10400.000000,-1.701580,-0.822477,-1.701755,-0.822707,0.000175,0.000231,0.000231
0,10500.000000,-1.708826,-0.826791,-1.709001,-0.827022,0.000176,0.000231,0.000231
0,10600.000000,-1.716071,-0.831068,-1.716247,-0.831300,0.000176,0.000232,0.000232
0,10700.000000,-1.723317,-0.835310,-1.723493,-0.835543,0.000177,0.000232,0.000232
0,10800.000000,-1.730562,-0.839517,-1.730739,-0.839750,0.000177,0.000233,0.000233
0,10900.000000,-1.737808,-0.843689,-1.737985,-0.843922,0.000178,0.000233,0.000233
0,11000.000000,-1.745053,-0.847827,-1.745231,-0.848061,0.000178,0.000234,0.000234
0,11100.000000,-1.752298,-0.851931,-1.752477,-0.852165,0.000179,0.000234,0.000234
0,11200.000000,-1.759543,-0.856002,-1.759723,-0.856236,0.000179,0.000235,0.000235
0,11300.000000,-1.766788,-0.860039,-1.766968,-0.860274,0.000180,0.000235,0.000235
0,11400.000000,-1.774033,-0.864045,-1.774214,-0.864280,0.000181,0.000236,0.000236
0,11500.000000,-1.781278,-0.868018,-1.781459,-0.868254,0.000181,0.000236,0.000236
0,11600.000000,-1.788523,-0.871959,-1.788705,-0.872196,0.000182,0.000236,0.000236
0,11700.000000,-1.795768,-0.875870,-1.795950,-0.876107,0.000182,0.000237,0.000237
0,11800.000000,-1.803013,-0.879749,-1.803196,-0.879987,0.000183,0.000237,0.000237
0,11900.000000,-1.810258,-0.883599,-1.810441,-0.883836,0.000183,0.000238,0.000238
0,12000.000000,-1.817502,-0.887418,-1.817686,-0.887656,0.000184,0.000238,0.000238
0,12100.000000,-1.824747,-0.891208,-1.824931,-0.891446,0.000184,0.000239,0.000239
0,12200.000000,-1.831991,-0.894968,-1.832176,-0.895207,0.000185,0.000239,0.000239
0,12300.000000,-1.839236,-0.898700,-1.839421,-0.898939,0.000186,0.000239,0.000239
0,12400.000000,-1.846480,-0.902403,-1.846666,-0.902643,0.000186,0.000240,0.000240
0,12500.000000,-1.853724,-0.906078,-1.853911,-0.906318,0.000187,0.000240,0.000240
0,12600.000000,-1.860969,-0.909726,-1.861156,-0.909966,0.000187,0.000240,0.000240
0,12700.000000,-1.868213,-0.913346,-1.868401,-0.913586,0.000188,0.000241,0.000241
0,12800.000000,-1.875457,-0.916939,-1.875645,-0.917180,0.000188,0.000241,0.000241
0,12900.000000,-1.882701,-0.920505,-1.882890,-0.920746,0.000189,0.000242,0.000242
0,13000.000000,-1.889944,-0.924045,-1.890134,-0.924286,0.000189,0.000242,0.000242
0,13100.000000,-1.897188,-0.927558,-1.897378,-0.927801,0.000190,0.000242,0.000242
0,13200.000000,-1.904432,-0.931047,-1.904622,-0.931289,0.000191,0.000243,0.000243
0,13300.000000,-1.911675,-0.934509,-1.911867,-0.934752,0.000191,0.000243,0.000243
0,13400.000000,-1.918919,-0.937947,-1.919111,-0.938190,0.000192,0.000243,0.000243
0,13500.000000,-1.926162,-0.941360,-1.926354,-0.941603,0.000192,0.000244,0.000244
0,13600.000000,-1.933405,-0.944748,-1.933598,-0.944992,0.000193,0.000244,0.000244
0,13700.000000,-1.940648,-0.948112,-1.940842,-0.948356,0.000193,0.000244,0.000244
0,13800.000000,-1.947891,-0.951453,-1.948085,-0.951697,0.000194,0.000244,0.000244
0,13900.000000,-1.955134,-0.954769,-1.955329,-0.955014,0.000195,0.000245,0.000245
0,14000.000000,-1.962377,-0.958063,-1.962572,-0.958308,0.000195,0.000245,0.000245
0,14100.000000,-1.969620,-0.961333,-1.969815,-0.961578,0.000196,0.000245,0.000245
0,14200.000000,-1.976862,-0.964581,-1.977059,-0.964826,0.000196,0.000246,0.000246
0,14300.000000,-1.984105,-0.967806,-1.984302,-0.968052,0.000197,0.000246,0.000246
0,14400.000000,-1.991347,-0.971009,-1.991545,-0.971255,0.000197,0.000246,0.000246
0,14500.000000,-1.998589,-0.974189,-1.998787,-0.974436,0.000198,0.000247,0.000247
0,14600.000000,-2.005831,-0.977349,-2.006030,-0.977596,0.000199,0.000247,0.000247
0,14700.000000,-2.013073,-0.980486,-2.013272,-0.980734,0.000199,0.000247,0.000247
0,14800.000000,-2.020315,-0.983603,-2.020515,-0.983850,0.000200,0.000247,0.000247
0,14900.000000,-2.027557,-0.986699,-2.027757,-0.986946,0.000200,0.000248,0.000248
0,15000.000000,-2.034798,-0.989773,-2.034999,-0.990021,0.000201,0.000248,0.000248
0,15100.000000,-2.042040,-0.992828,-2.042241,-0.993076,0.000202,0.000248,0.000248
0,15200.000000,-2.049281,-0.995862,-2.049483,-0.996110,0.000202,0.000248,0.000248
0,15300.000000,-2.056522,-0.998876,-2.056725,-0.999125,0.000203,0.000249,0.000249
0,15400.000000,-2.063763,-1.001870,-2.063966,-1.002119,0.000203,0.000249,0.000249
0,15500.000000,-2.071004,-1.004845,-2.071208,-1.005094,0.000204,0.000249,0.000249
0,15600.000000,-2.078245,-1.007801,-2.078449,-1.008050,0.000205,0.000249,0.000249
0,15700.000000,-2.085485,-1.010737,-2.085690,-1.010987,0.000205,0.000250,0.000250
0,15800.000000,-2.092726,-1.013654,-2.092931,-1.013904,0.000206,0.000250,0.000250
0,15900.000000,-2.099966,-1.016553,-2.100172,-1.016803,0.000206,0.000250,0.000250
0,16000.000000,-2.107206,-1.019433,-2.107413,-1.019684,0.000207,0.000250,0.000250
0,16100.000000,-2.114446,-1.022295,-2.114653,-1.022546,0.000208,0.000251,0.000251
0,16200.000000,-2.121686,-1.025139,-2.121894,-1.025390,0.000208,0.000251,0.000251
0,16300.000000,-2.128925,-1.027965,-2.129134,-1.028216,0.000209,0.000251,0.000251
0,16400.000000,-2.136165,-1.030773,-2.136374,-1.031025,0.000209,0.000251,0.000251
0,16500.000000,-2.143404,-1.033564,-2.143614,-1.033816,0.000210,0.000252,0.000252
0,16600.000000,-2.150643,-1.036338,-2.150854,-1.036589,0.000211,0.000252,0.000252
0,16700.000000,-2.157882,-1.039094,-2.158093,-1.039346,0.000211,0.000252,0.000252
0,16800.000000,-2.165121,-1.041833,-2.165333,-1.042086,0.000212,0.000252,0.000252
0,16900.000000,-2.172360,-1.044556,-2.172572,-1.044808,0.000212,0.000252,0.000252
0,17000.000000,-2.179598,-1.047262,-2.179811,-1.047515,0.000213,0.000253,0.000253
0,17100.000000,-2.186836,-1.049952,-2.187050,-1.050205,0.000214,0.000253,0.000253
0,17200.000000,-2.194075,-1.052625,-2.194289,-1.052878,0.000214,0.000253,0.000253
0,17300.000000,-2.201312,-1.055283,-2.201527,-1.055536,0.000215,0.000253,0.000253
0,17400.000000,-2.208550,-1.057924,-2.208766,-1.058178,0.000215,0.000253,0.000253
0,17500.000000,-2.215788,-1.060550,-2.216004,-1.060804,0.000216,0.000254,0.000254
0,17600.000000,-2.223025,-1.063160,-2.223242,-1.063414,0.000217,0.000254,0.000254
0,17700.000000,-2.230262,-1.065755,-2.230480,-1.066009,0.000217,0.000254,0.000254
0,17800.000000,-2.237499,-1.068335,-2.237717,-1.068589,0.000218,0.000254,0.000254
0,17900.000000,-2.244736,-1.070900,-2.244955,-1.071154,0.000219,0.000254,0.000254
0,18000.000000,-2.251973,-1.073449,-2.252192,-1.073704,0.000219,0.000255,0.000255
0,18100.000000,-2.259209,-1.075984,-2.259429,-1.076239,0.000220,0.000255,0.000255
0,18200.000000,-2.266445,-1.078505,-2.266666,-1.078760,0.000221,0.000255,0.000255
0,18300.000000,-2.273681,-1.081011,-2.273903,-1.081266,0.000221,0.000255,0.000255
0,18400.000000,-2.280917,-1.083502,-2.281139,-1.083758,0.000222,0.000255,0.000255
0,18500.000000,-2.288153,-1.085980,-2.288375,-1.086235,0.000222,0.000256,0.000256
0,18600.000000,-2.295388,-1.088443,-2.295611,-1.088699,0.000223,0.000256,0.000256
0,18700.000000,-2.302623,-1.090893,-2.302847,-1.091149,0.000224,0.000256,0.000256
0,18800.000000,-2.309858,-1.093329,-2.310083,-1.093585,0.000224,0.000256,0.000256
0,18900.000000,-2.317093,-1.095751,-2.317318,-1.096007,0.000225,0.000256,0.000256
0,19000.000000,-2.324327,-1.098160,-2.324553,-1.098416,0.000226,0.000257,0.000257
0,19100.000000,-2.331562,-1.100555,-2.331788,-1.100812,0.000226,0.000257,0.000257
0,19200.000000,-2.338796,-1.102937,-2.339023,-1.103194,0.000227,0.000257,0.000257
0,19300.000000,-2.346030,-1.105306,-2.346257,-1.105564,0.000228,0.000257,0.000257
0,19400.000000,-2.353263,-1.107663,-2.353492,-1.107920,0.000228,0.000257,0.000257
0,19500.000000,-2.360497,-1.110006,-2.360726,-1.110264,0.000229,0.000257,0.000257
0,19600.000000,-2.367730,-1.112337,-2.367960,-1.112595,0.000230,0.000258,0.000258
0,19700.000000,-2.374963,-1.114655,-2.375193,-1.114913,0.000230,0.000258,0.000258
0,19800.000000,-2.382195,-1.116961,-2.382426,-1.117219,0.000231,0.000258,0.000258
0,19900.000000,-2.389428,-1.119254,-2.389660,-1.119513,0.000232,0.000258,0.000258
0,20000.000000,-2.396660,-1.121536,-2.396892,-1.121794,0.000232,0.000258,0.000258
0,20100.000000,-2.403892,-1.123805,-2.404125,-1.124064,0.000233,0.000259,0.000259
0,20200.000000,-2.411124,-1.126062,-2.411357,-1.126321,0.000234,0.000259,0.000259
0,20300.000000,-2.418355,-1.128308,-2.418589,-1.128567,0.000234,0.000259,0.000259
0,20400.000000,-2.425586,-1.130542,-2.425821,-1.130801,0.000235,0.000259,0.000259
0,20500.000000,-2.432817,-1.132764,-2.433053,-1.133023,0.000236,0.000259,0.000259
0,20600.000000,-2.440048,-1.134974,-2.440284,-1.135234,0.000236,0.000259,0.000259
0,20700.000000,-2.447278,-1.137173,-2.447515,-1.137433,0.000237,0.000260,0.000260
0,20800.000000,-2.454508,-1.139361,-2.454746,-1.139621,0.000238,0.000260,0.000260
0,20900.000000,-2.461738,-1.141538,-2.461977,-1.141798,0.000239,0.000260,0.000260
0,21000.000000,-2.468968,-1.143704,-2.469207,-1.143964,0.000239,0.000260,0.000260
0,21100.000000,-2.476197,-1.145859,-2.476437,-1.146119,0.000240,0.000260,0.000260
0,21200.000000,-2.483426,-1.148002,-2.483667,-1.148263,0.000241,0.000260,0.000260
0,21300.000000,-2.490655,-1.150135,-2.490896,-1.150396,0.000241,0.000261,0.000261
0,21400.000000,-2.497883,-1.152258,-2.498125,-1.152519,0.000242,0.000261,0.000261
0,21500.000000,-2.505111,-1.154370,-2.505354,-1.154631,0.000243,0.000261,0.000261
0,21600.000000,-2.512339,-1.156471,-2.512583,-1.156732,0.000244,0.000261,0.000261
0,21700.000000,-2.519567,-1.158562,-2.519811,-1.158824,0.000244,0.000261,0.000261
0,21800.000000,-2.526794,-1.160643,-2.527039,-1.160905,0.000245,0.000262,0.000262
0,21900.000000,-2.534021,-1.162714,-2.534267,-1.162975,0.000246,0.000262,0.000262
0,22000.000000,-2.541248,-1.164774,-2.541494,-1.165036,0.000246,0.000262,0.000262
0,22100.000000,-2.548474,-1.166825,-2.548721,-1.167087,0.000247,0.000262,0.000262
0,22200.000000,-2.555700,-1.168865,-2.555948,-1.169128,0.000248,0.000262,0.000262
0,22300.000000,-2.562926,-1.170896,-2.563174,-1.171159,0.000249,0.000263,0.000263
0,22400.000000,-2.570151,-1.172917,-2.570400,-1.173180,0.000249,0.000263,0.000263
0,22500.000000,-2.577376,-1.174929,-2.577626,-1.175191,0.000250,0.000263,0.000263
0,22600.000000,-2.584601,-1.176930,-2.584852,-1.177193,0.000251,0.000263,0.000263
0,22700.000000,-2.591825,-1.178923,-2.592077,-1.179186,0.000252,0.000263,0.000263
0,22800.000000,-2.599049,-1.180906,-2.599302,-1.181169,0.000252,0.000263,0.000263
0,22900.000000,-2.606273,-1.182880,-2.606526,-1.183143,0.000253,0.000264,0.000264
0,23000.000000,-2.613496,-1.184844,-2.613750,-1.185108,0.000254,0.000264,0.000264
0,23100.000000,-2.620720,-1.186800,-2.620974,-1.187064,0.000255,0.000264,0.000264
0,23200.000000,-2.627942,-1.188746,-2.628198,-1.189010,0.000255,0.000264,0.000264
0,23300.000000,-2.635165,-1.190683,-2.635421,-1.190948,0.000256,0.000264,0.000264
0,23400.000000,-2.642387,-1.192612,-2.642644,-1.192877,0.000257,0.000265,0.000265
0,23500.000000,-2.649608,-1.194532,-2.649866,-1.194796,0.000258,0.000265,0.000265
0,23600.000000,-2.656830,-1.196443,-2.657088,-1.196708,0.000259,0.000265,0.000265
0,23700.000000,-2.664051,-1.198345,-2.664310,-1.198610,0.000259,0.000265,0.000265
0,23800.000000,-2.671271,-1.200239,-2.671531,-1.200504,0.000260,0.000265,0.000265
0,23900.000000,-2.678491,-1.202124,-2.678752,-1.202389,0.000261,0.000266,0.000266
0,24000.000000,-2.685711,-1.204001,-2.685973,-1.204266,0.000262,0.000266,0.000266
0,24100.000000,-2.692930,-1.205869,-2.693193,-1.206135,0.000262,0.000266,0.000266
0,24200.000000,-2.700149,-1.207729,-2.700413,-1.207995,0.000263,0.000266,0.000266
0,24300.000000,-2.707368,-1.209581,-2.707632,-1.209848,0.000264,0.000266,0.000266
0,24400.000000,-2.714586,-1.211425,-2.714851,-1.211691,0.000265,0.000267,0.000267
0,24500.000000,-2.721804,-1.213260,-2.722070,-1.213527,0.000266,0.000267,0.000267
0,24600.000000,-2.729022,-1.215088,-2.729288,-1.215355,0.000266,0.000267,0.000267
0,24700.000000,-2.736239,-1.216908,-2.736506,-1.217175,0.000267,0.000267,0.000267
0,24800.000000,-2.743455,-1.218720,-2.743723,-1.218987,0.000268,0.000268,0.000268
0,24900.000000,-2.750671,-1.220524,-2.750940,-1.220792,0.000269,0.000268,0.000269
0,25000.000000,-2.757887,-1.222320,-2.758157,-1.222588,0.000270,0.000268,0.000270
0,25100.000000,-2.765103,-1.224109,-2.765373,-1.224377,0.000271,0.000268,0.000271
0,25200.000000,-2.772317,-1.225890,-2.772589,-1.226158,0.000271,0.000268,0.000271
0,25300.000000,-2.779532,-1.227663,-2.779804,-1.227932,0.000272,0.000269,0.000272
0,25400.000000,-2.786746,-1.229429,-2.787019,-1.229698,0.000273,0.000269,0.000273
0,25500.000000,-2.793960,-1.231188,-2.794234,-1.231457,0.000274,0.000269,0.000274
0,25600.000000,-2.801173,-1.232939,-2.801447,-1.233208,0.000275,0.000269,0.000275
0,25700.000000,-2.808385,-1.234683,-2.808661,-1.234952,0.000276,0.000270,0.000276
0,25800.000000,-2.815598,-1.236419,-2.815874,-1.236689,0.000277,0.000270,0.000277
0,25900.000000,-2.822809,-1.238149,-2.823087,-1.238419,0.000277,0.000270,0.000277
0,26000.000000,-2.830021,-1.239871,-2.830299,-1.240141,0.000278,0.000270,0.000278
0,26100.000000,-2.837231,-1.241586,-2.837510,-1.241857,0.000279,0.000270,0.000279
0,26200.000000,-2.844442,-1.243295,-2.844722,-1.243565,0.000280,0.000271,0.000280
0,26300.000000,-2.851651,-1.244996,-2.851932,-1.245267,0.000281,0.000271,0.000281
0,26400.000000,-2.858861,-1.246690,-2.859143,-1.246961,0.000282,0.000271,0.000282
0,26500.000000,-2.866070,-1.248378,-2.866352,-1.248649,0.000283,0.000271,0.000283
0,26600.000000,-2.873278,-1.250059,-2.873561,-1.250330,0.000284,0.000272,0.000284
0,26700.000000,-2.880486,-1.251733,-2.880770,-1.252004,0.000284,0.000272,0.000284
0,26800.000000,-2.887693,-1.253400,-2.887978,-1.253672,0.000285,0.000272,0.000285
0,26900.000000,-2.894900,-1.255061,-2.895186,-1.255333,0.000286,0.000272,0.000286
0,27000.000000,-2.902106,-1.256715,-2.902393,-1.256987,0.000287,0.000273,0.000287
0,27100.000000,-2.909312,-1.258362,-2.909600,-1.258635,0.000288,0.000273,0.000288
0,27200.000000,-2.916517,-1.260003,-2.916806,-1.260276,0.000289,0.000273,0.000289
0,27300.000000,-2.923721,-1.261638,-2.924011,-1.261911,0.000290,0.000273,0.000290
0,27400.000000,-2.930926,-1.263266,-2.931216,-1.263540,0.000291,0.000274,0.000291
0,27500.000000,-2.938129,-1.264888,-2.938421,-1.265162,0.000292,0.000274,0.000292
0,27600.000000,-2.945332,-1.266504,-2.945625,-1.266778,0.000293,0.000274,0.000293
0,27700.000000,-2.952534,-1.268113,-2.952828,-1.268388,0.000294,0.000274,0.000294
0,27800.000000,-2.959736,-1.269717,-2.960031,-1.269991,0.000295,0.000275,0.000295
0,27900.000000,-2.966937,-1.271314,-2.967233,-1.271589,0.000296,0.000275,0.000296
0,28000.000000,-2.974138,-1.272905,-2.974434,-1.273180,0.000297,0.000275,0.000297
0,28100.000000,-2.981338,-1.274490,-2.981635,-1.274766,0.000298,0.000276,0.000298
0,28200.000000,-2.988537,-1.276069,-2.988836,-1.276345,0.000298,0.000276,0.000298
0,28300.000000,-2.995736,-1.277642,-2.996036,-1.277918,0.000299,0.000276,0.000299
0,28400.000000,-3.002934,-1.279209,-3.003235,-1.279486,0.000300,0.000276,0.000300
0,28500.000000,-3.010132,-1.280771,-3.010433,-1.281047,0.000301,0.000277,0.000301
0,28600.000000,-3.017329,-1.282326,-3.017631,-1.282603,0.000302,0.000277,0.000302
0,28700.000000,-3.024525,-1.283876,-3.024828,-1.284153,0.000303,0.000277,0.000303
0,28800.000000,-3.031720,-1.285420,-3.032025,-1.285697,0.000304,0.000277,0.000304
0,28900.000000,-3.038915,-1.286958,-3.039221,-1.287236,0.000305,0.000278,0.000305
0,29000.000000,-3.046110,-1.288491,-3.046149,-1.289191,0.000040,0.000701,0.000701
0,29100.000000,-3.053303,-1.290018,-3.053342,-1.290722,0.000039,0.000704,0.000704
0,29200.000000,-3.060496,-1.291539,-3.060535,-1.292246,0.000039,0.000707,0.000707
0,29300.000000,-3.067688,-1.293055,-3.067727,-1.293765,0.000038,0.000710,0.000710
0,29400.000000,-3.074880,-1.294566,-3.074918,-1.295279,0.000038,0.000713,0.000713
0,29500.000000,-3.082071,-1.296071,-3.082108,-1.296787,0.000038,0.000716,0.000716
0,29600.000000,-3.089261,-1.297570,-3.089298,-1.298290,0.000037,0.000719,0.000719
0,29700.000000,-3.096450,-1.299064,-3.096487,-1.299787,0.000037,0.000722,0.000722
0,29800.000000,-3.103639,-1.300553,-3.103675,-1.301279,0.000036,0.000725,0.000725
0,29900.000000,-3.110826,-1.302037,-3.110862,-1.302765,0.000036,0.000728,0.000728
0,30000.000000,-3.118014,-1.303515,-3.118049,-1.304247,0.000035,0.000731,0.000731
0,30100.000000,-3.125200,-1.304988,-3.125235,-1.305723,0.000035,0.000734,0.000734
0,30200.000000,-3.132386,-1.306456,-3.132420,-1.307194,0.000034,0.000737,0.000737
0,30300.000000,-3.139570,-1.307919,-3.139604,-1.308659,0.000034,0.000740,0.000740
0,30400.000000,3.136431,-1.309377,3.136398,-1.310120,0.000033,0.000743,0.000743
0,30500.000000,3.129248,-1.310829,3.129215,-1.311575,0.000033,0.000746,0.000746
0,30600.000000,3.122065,-1.312277,3.122033,-1.313026,0.000032,0.000749,0.000749
0,30700.000000,3.114884,-1.313720,3.114852,-1.314471,0.000031,0.000752,0.000752
0,30800.000000,3.107703,-1.315157,3.107672,-1.315912,0.000031,0.000754,0.000754
0,30900.000000,3.100523,-1.316590,3.100493,-1.317347,0.000030,0.000757,0.000757
0,31000.000000,3.093344,-1.318018,3.093314,-1.318778,0.000030,0.000760,0.000760
0,31100.000000,3.086166,-1.319440,3.086137,-1.320203,0.000029,0.000763,0.000763
0,31200.000000,3.078989,-1.320858,3.078960,-1.321624,0.000029,0.000766,0.000766
0,31300.000000,3.071812,-1.322272,3.071784,-1.323040,0.000028,0.000768,0.000768
0,31400.000000,3.064637,-1.323680,3.064610,-1.324451,0.000027,0.000771,0.000771
0,31500.000000,3.057462,-1.325084,3.057436,-1.325857,0.000027,0.000774,0.000774
0,31600.000000,3.050289,-1.326483,3.050263,-1.327259,0.000026,0.000776,0.000776
0,31700.000000,3.043116,-1.327877,3.043090,-1.328656,0.000025,0.000779,0.000779
0,31800.000000,3.035944,-1.329267,3.035919,-1.330048,0.000025,0.000782,0.000782
0,31900.000000,3.028773,-1.330652,3.028749,-1.331436,0.000024,0.000784,0.000784
0,32000.000000,3.021603,-1.332032,3.021580,-1.332819,0.000023,0.000787,0.000787
0,32100.000000,3.014434,-1.333408,3.014412,-1.334198,0.000023,0.000790,0.000790
0,32200.000000,3.007266,-1.334779,3.007245,-1.335571,0.000022,0.000792,0.000792
0,32300.000000,3.000100,-1.336146,3.000078,-1.336941,0.000021,0.000795,0.000795
0,32400.000000,2.992934,-1.337508,2.992913,-1.338306,0.000020,0.000797,0.000797
0,32500.000000,2.985769,-1.338866,2.985749,-1.339666,0.000020,0.000800,0.000800
0,32600.000000,2.978605,-1.340220,2.978586,-1.341022,0.000019,0.000802,0.000802
0,32700.000000,2.971442,-1.341569,2.971424,-1.342374,0.000018,0.000805,0.000805
0,32800.000000,2.964281,-1.342913,2.964264,-1.343721,0.000017,0.000807,0.000807
0,32900.000000,2.957120,-1.344254,2.957104,-1.345064,0.000016,0.000810,0.000810
0,33000.000000,2.949961,-1.345590,2.949945,-1.346402,0.000016,0.000812,0.000812
0,33100.000000,2.942803,-1.346922,2.942788,-1.347736,0.000015,0.000815,0.000815
0,33200.000000,2.935645,-1.348249,2.935631,-1.349066,0.000014,0.000817,0.000817
0,33300.000000,2.928489,-1.349572,2.928476,-1.350392,0.000013,0.000820,0.000820
0,33400.000000,2.921335,-1.350891,2.921322,-1.351713,0.000012,0.000822,0.000822
0,33500.000000,2.914181,-1.352206,2.914170,-1.353031,0.000011,0.000824,0.000824
0,33600.000000,2.907028,-1.353517,2.907018,-1.354344,0.000010,0.000827,0.000827
0,33700.000000,2.899877,-1.354824,2.899868,-1.355653,0.000009,0.000829,0.000829
0,33800.000000,2.892727,-1.356126,2.892719,-1.356957,0.000008,0.000831,0.000831
0,33900.000000,2.885578,-1.357424,2.885571,-1.358258,0.000007,0.000834,0.000834
0,34000.000000,2.878431,-1.358719,2.878425,-1.359555,0.000006,0.000836,0.000836
0,34100.000000,2.871285,-1.360009,2.871279,-1.360847,0.000005,0.000838,0.000838
0,34200.000000,2.864140,-1.361295,2.864136,-1.362136,0.000004,0.000841,0.000841
0,34300.000000,2.856996,-1.362577,2.856993,-1.363420,0.000003,0.000843,0.000843
0,34400.000000,2.849854,-1.363856,2.849852,-1.364701,0.000002,0.000845,0.000845
0,34500.000000,2.842713,-1.365130,2.842712,-1.365978,0.000001,0.000847,0.000847
0,34600.000000,2.835574,-1.366401,2.835574,-1.367250,0.000000,0.000850,0.000850
0,34700.000000,2.828436,-1.367667,2.828437,-1.368519,0.000001,0.000852,0.000852
0,34800.000000,2.821299,-1.368930,2.821301,-1.369784,0.000002,0.000854,0.000854
0,34900.000000,2.814164,-1.370188,2.814168,-1.371045,0.000003,0.000856,0.000856
0,35000.000000,2.807030,-1.371443,2.807035,-1.372302,0.000005,0.000859,0.000859
0,35100.000000,2.799898,-1.372694,2.799904,-1.373555,0.000006,0.000861,0.000861
0,35200.000000,2.792767,-1.373942,2.792775,-1.374805,0.000007,0.000863,0.000863
0,35300.000000,2.785638,-1.375185,2.785647,-1.376050,0.000008,0.000865,0.000865
0,35400.000000,2.778511,-1.376425,2.778520,-1.377292,0.000010,0.000867,0.000867
0,35500.000000,2.771385,-1.377661,2.771396,-1.378530,0.000011,0.000869,0.000869
0,35600.000000,2.764260,-1.378893,2.764273,-1.379765,0.000012,0.000871,0.000871
0,35700.000000,2.757137,-1.380122,2.757151,-1.380996,0.000014,0.000874,0.000874
0,35800.000000,2.750016,-1.381347,2.750031,-1.382223,0.000015,0.000876,0.000876
0,35900.000000,2.742897,-1.382568,2.742913,-1.383446,0.000017,0.000878,0.000878
0,36000.000000,2.735779,-1.383786,2.735797,-1.384666,0.000018,0.000880,0.000880
0,36100.000000,2.728663,-1.385000,2.728682,-1.385882,0.000019,0.000882,0.000882
0,36200.000000,2.721549,-1.386211,2.721570,-1.387094,0.000021,0.000884,0.000884
0,36300.000000,2.714436,-1.387417,2.714459,-1.388303,0.000023,0.000886,0.000886
0,36400.000000,2.707326,-1.388621,2.707350,-1.389509,0.000024,0.000888,0.000888
0,36500.000000,2.700217,-1.389821,2.700242,-1.390710,0.000026,0.000890,0.000890
0,36600.000000,2.693110,-1.391017,2.693137,-1.391909,0.000027,0.000892,0.000892
0,36700.000000,2.686005,-1.392209,2.686034,-1.393103,0.000029,0.000894,0.000894
0,36800.000000,2.678901,-1.393399,2.678932,-1.394295,0.000031,0.000896,0.000896
0,36900.000000,2.671800,-1.394584,2.671833,-1.395482,0.000032,0.000898,0.000898
0,37000.000000,2.664701,-1.395767,2.664735,-1.396667,0.000034,0.000900,0.000900
0,37100.000000,2.657604,-1.396946,2.657640,-1.397847,0.000036,0.000902,0.000902
0,37200.000000,2.650509,-1.398121,2.650547,-1.399025,0.000038,0.000904,0.000904
0,37300.000000,2.643416,-1.399293,2.643456,-1.400199,0.000040,0.000906,0.000906
0,37400.000000,2.636325,-1.400462,2.636367,-1.401369,0.000042,0.000908,0.000908
0,37500.000000,2.629236,-1.401627,2.629280,-1.402537,0.000044,0.000909,0.000909
0,37600.000000,2.622150,-1.402789,2.622195,-1.403700,0.000046,0.000911,0.000911
0,37700.000000,2.615065,-1.403948,2.615113,-1.404861,0.000048,0.000913,0.000913
0,37800.000000,2.607983,-1.405103,2.608033,-1.406018,0.000050,0.000915,0.000915
0,37900.000000,2.600904,-1.406255,2.600955,-1.407172,0.000052,0.000917,0.000917
0,38000.000000,2.593826,-1.407404,2.593880,-1.408322,0.000054,0.000919,0.000919
0,38100.000000,2.586751,-1.408549,2.586807,-1.409470,0.000056,0.000921,0.000921
0,38200.000000,2.579679,-1.409691,2.579737,-1.410614,0.000059,0.000923,0.000923
0,38300.000000,2.572608,-1.410830,2.572669,-1.411754,0.000061,0.000924,0.000924
0,38400.000000,2.565541,-1.411966,2.565604,-1.412892,0.000063,0.000926,0.000926
0,38500.000000,2.558476,-1.413098,2.558541,-1.414026,0.000066,0.000928,0.000928
0,38600.000000,2.551413,-1.414227,2.551482,-1.415157,0.000068,0.000930,0.000930
0,38700.000000,2.544354,-1.415353,2.544424,-1.416285,0.000071,0.000932,0.000932
0,38800.000000,2.537297,-1.416476,2.537370,-1.417410,0.000073,0.000933,0.000933
0,38900.000000,2.530242,-1.417596,2.530318,-1.418531,0.000076,0.000935,0.000935
0,39000.000000,2.523191,-1.418712,2.523269,-1.419649,0.000078,0.000937,0.000937
0,39100.000000,2.516142,-1.419826,2.516223,-1.420765,0.000081,0.000939,0.000939
0,39200.000000,2.509096,-1.420936,2.509180,-1.421877,0.000084,0.000940,0.000940
0,39300.000000,2.502053,-1.422043,2.502140,-1.422986,0.000087,0.000942,0.000942
0,39400.000000,2.495013,-1.423147,2.495103,-1.424091,0.000090,0.000944,0.000944
0,39500.000000,2.487977,-1.424249,2.488069,-1.425194,0.000093,0.000946,0.000946
0,39600.000000,2.480943,-1.425347,2.481039,-1.426294,0.000096,0.000947,0.000947
0,39700.000000,2.473912,-1.426441,2.474011,-1.427390,0.000099,0.000949,0.000949
0,39800.000000,2.466885,-1.427533,2.466987,-1.428484,0.000102,0.000951,0.000951
0,39900.000000,2.459861,-1.428622,2.459966,-1.429575,0.000106,0.000952,0.000952
0,40000.000000,2.452840,-1.429708,2.452949,-1.430662,0.000109,0.000954,0.000954
0,40100.000000,2.445823,-1.430791,2.445935,-1.431747,0.000112,0.000956,0.000956
0,40200.000000,2.438809,-1.431871,2.438925,-1.432828,0.000116,0.000957,0.000957
0,40300.000000,2.431799,-1.432948,2.431918,-1.433907,0.000119,0.000959,0.000959
0,40400.000000,2.424792,-1.434022,2.424915,-1.434982,0.000123,0.000961,0.000961
0,40500.000000,2.417789,-1.435093,2.417916,-1.436055,0.000127,0.000962,0.000962
0,40600.000000,2.410790,-1.436161,2.410921,-1.437125,0.000131,0.000964,0.000964
0,40700.000000,2.403795,-1.437226,2.403930,-1.438191,0.000135,0.000965,0.000965
0,40800.000000,2.396804,-1.438288,2.396942,-1.439255,0.000139,0.000967,0.000967
0,40900.000000,2.389816,-1.439347,2.389959,-1.440316,0.000143,0.000969,0.000969
0,41000.000000,2.382833,-1.440404,2.382980,-1.441374,0.000147,0.000970,0.000970
0,41100.000000,2.375854,-1.441457,2.376005,-1.442429,0.000151,0.000972,0.000972
0,41200.000000,2.368879,-1.442508,2.369034,-1.443481,0.000156,0.000973,0.000973
0,41300.000000,2.361908,-1.443556,2.362068,-1.444531,0.000160,0.000975,0.000975
0,41400.000000,2.354942,-1.444601,2.355107,-1.445577,0.000165,0.000976,0.000976
0,41500.000000,2.347980,-1.445643,2.348150,-1.446621,0.000170,0.000978,0.000978
0,41600.000000,2.341023,-1.446683,2.341198,-1.447662,0.000175,0.000979,0.000979
0,41700.000000,2.334071,-1.447719,2.334250,-1.448700,0.000180,0.000981,0.000981
0,41800.000000,2.327123,-1.448753,2.327308,-1.449735,0.000185,0.000983,0.000983
0,41900.000000,2.320180,-1.449784,2.320370,-1.450768,0.000190,0.000984,0.000984
0,42000.000000,2.313243,-1.450812,2.313438,-1.451798,0.000196,0.000986,0.000986
0,42100.000000,2.306310,-1.451837,2.306511,-1.452824,0.000201,0.000987,0.000987
0,42200.000000,2.299383,-1.452860,2.299590,-1.453849,0.000207,0.000989,0.000989
0,42300.000000,2.292461,-1.453880,2.292673,-1.454870,0.000213,0.000990,0.000990
0,42400.000000,2.285544,-1.454897,2.285763,-1.455889,0.000219,0.000991,0.000991
0,42500.000000,2.278633,-1.455912,2.278858,-1.456905,0.000225,0.000993,0.000993
0,42600.000000,2.271728,-1.456923,2.271959,-1.457918,0.000231,0.000994,0.000994
0,42700.000000,2.264829,-1.457933,2.265066,-1.458928,0.000238,0.000996,0.000996
0,42800.000000,2.257935,-1.458939,2.258180,-1.459936,0.000244,0.000997,0.000997
0,42900.000000,2.251048,-1.459943,2.251299,-1.460941,0.000251,0.000999,0.000999
0,43000.000000,2.244167,-1.460944,2.244425,-1.461944,0.000258,0.001000,0.001000
0,43100.000000,2.237293,-1.461942,2.237558,-1.462943,0.000265,0.001002,0.001002
0,43200.000000,2.230425,-1.462938,2.230697,-1.463941,0.000273,0.001003,0.001003
0,43300.000000,2.223563,-1.463931,2.223843,-1.464935,0.000280,0.001004,0.001004
0,43400.000000,2.216709,-1.464921,2.216997,-1.465927,0.000288,0.001006,0.001006
0,43500.000000,2.209862,-1.465909,2.210158,-1.466916,0.000296,0.001007,0.001007
0,43600.000000,2.203021,-1.466894,2.203326,-1.467903,0.000304,0.001008,0.001008
0,43700.000000,2.196189,-1.467877,2.196501,-1.468886,0.000313,0.001010,0.001010
0,43800.000000,2.189363,-1.468857,2.189685,-1.469868,0.000321,0.001011,0.001011
0,43900.000000,2.182546,-1.469834,2.182876,-1.470847,0.000330,0.001013,0.001013
0,44000.000000,2.175737,-1.470809,2.176076,-1.471823,0.000340,0.001014,0.001014
0,44100.000000,2.168935,-1.471781,2.169285,-1.472796,0.000349,0.001015,0.001015
0,44200.000000,2.162142,-1.472751,2.162501,-1.473767,0.000359,0.001017,0.001017
0,44300.000000,2.155358,-1.473718,2.155727,-1.474736,0.000369,0.001018,0.001018
0,44400.000000,2.148583,-1.474682,2.148962,-1.475702,0.000379,0.001019,0.001019
0,44500.000000,2.141816,-1.475644,2.142206,-1.476665,0.000390,0.001021,0.001021
0,44600.000000,2.135059,-1.476604,2.135460,-1.477626,0.000401,0.001022,0.001022
0,44700.000000,2.128312,-1.477561,2.128724,-1.478584,0.000412,0.001023,0.001023
0,44800.000000,2.121574,-1.478516,2.121998,-1.479540,0.000424,0.001024,0.001024
0,44900.000000,2.114846,-1.479468,2.115282,-1.480493,0.000436,0.001026,0.001026
0,45000.000000,2.108129,-1.480417,2.108577,-1.481444,0.000448,0.001027,0.001027
0,45100.000000,2.101422,-1.481364,2.101883,-1.482392,0.000461,0.001028,0.001028
0,45200.000000,2.094726,-1.482309,2.095201,-1.483338,0.000474,0.001030,0.001030
0,45300.000000,2.088042,-1.483251,2.088530,-1.484282,0.000488,0.001031,0.001031
0,45400.000000,2.081369,-1.484190,2.081871,-1.485223,0.000502,0.001032,0.001032
0,45500.000000,2.074708,-1.485128,2.075224,-1.486161,0.000517,0.001033,0.001033
0,45600.000000,2.068059,-1.486062,2.068590,-1.487097,0.000532,0.001035,0.001035
0,45700.000000,2.061423,-1.486995,2.061970,-1.488031,0.000547,0.001036,0.001036
0,45800.000000,2.054799,-1.487925,2.055362,-1.488962,0.000563,0.001037,0.001037
0,45900.000000,2.048189,-1.488852,2.048769,-1.489890,0.000580,0.001038,0.001038
0,46000.000000,2.041593,-1.489777,2.042190,-1.490817,0.000597,0.001039,0.001039
0,46100.000000,2.035011,-1.490700,2.035626,-1.491740,0.000615,0.001041,0.001041
0,46200.000000,2.028444,-1.491620,2.029077,-1.492662,0.000633,0.001042,0.001042
0,46300.000000,2.021892,-1.492538,2.022544,-1.493581,0.000652,0.001043,0.001043
0,46400.000000,2.015355,-1.493453,2.016027,-1.494498,0.000671,0.001044,0.001044
0,46500.000000,2.008835,-1.494367,2.009526,-1.495412,0.000692,0.001045,0.001045
0,46600.000000,2.002330,-1.495277,2.003043,-1.496324,0.000713,0.001047,0.001047
0,46700.000000,1.995844,-1.496186,1.996578,-1.497233,0.000735,0.001048,0.001048
0,46800.000000,1.989374,-1.497092,1.990132,-1.498141,0.000757,0.001049,0.001049
0,46900.000000,1.982923,-1.497995,1.983704,-1.499045,0.000781,0.001050,0.001050
0,47000.000000,1.976491,-1.498897,1.977296,-1.499948,0.000805,0.001051,0.001051
0,47100.000000,1.970079,-1.499796,1.970909,-1.500848,0.000830,0.001052,0.001052
0,47200.000000,1.963687,-1.500693,1.964543,-1.501746,0.000856,0.001053,0.001053
0,47300.000000,1.957315,-1.501587,1.958199,-1.502641,0.000883,0.001055,0.001055
0,47400.000000,1.950965,-1.502479,1.951877,-1.503535,0.000912,0.001056,0.001056
0,47500.000000,1.944638,-1.503369,1.945579,-1.504425,0.000941,0.001057,0.001057
0,47600.000000,1.938334,-1.504256,1.939306,-1.505314,0.000972,0.001058,0.001058
0,47700.000000,1.932054,-1.505141,1.933057,-1.506200,0.001003,0.001059,0.001059
0,47800.000000,1.925799,-1.506024,1.926835,-1.507084,0.001036,0.001060,0.001060
0,47900.000000,1.919570,-1.506905,1.920641,-1.507966,0.001071,0.001061,0.001071
0,48000.000000,1.913368,-1.507783,1.914474,-1.508845,0.001107,0.001062,0.001107
0,48100.000000,1.907193,-1.508659,1.908337,-1.509722,0.001144,0.001063,0.001144
0,48200.000000,1.901048,-1.509533,1.902231,-1.510597,0.001183,0.001064,0.001183
0,48300.000000,1.894933,-1.510404,1.896156,-1.511470,0.001223,0.001065,0.001223
0,48400.000000,1.888849,-1.511274,1.890114,-1.512340,0.001266,0.001066,0.001266
0,48500.000000,1.882798,-1.512141,1.884107,-1.513208,0.001310,0.001067,0.001310
0,48600.000000,1.876780,-1.513005,1.878136,-1.514074,0.001356,0.001068,0.001356
0,48700.000000,1.870798,-1.513868,1.872203,-1.514937,0.001404,0.001069,0.001404
0,48800.000000,1.864853,-1.514728,1.866308,-1.515798,0.001455,0.001070,0.001455
0,48900.000000,1.858946,-1.515586,1.860454,-1.516657,0.001508,0.001071,0.001508
0,49000.000000,1.853080,-1.516442,1.854643,-1.517514,0.001563,0.001072,0.001563
0,49100.000000,1.847255,-1.517295,1.848876,-1.518368,0.001621,0.001073,0.001621
0,49200.000000,1.841474,-1.518147,1.843156,-1.519221,0.001682,0.001074,0.001682
0,49300.000000,1.835739,-1.518996,1.837484,-1.520071,0.001746,0.001075,0.001746
