11710,46800.000000,42165.507427,0.000015,0.000034,1.570813,1.571251,0.738331
11710,50400.000000,42166.033989,0.000029,0.000036,1.570815,1.571254,1.000853
11710,54000.000000,42166.470686,0.000040,0.000037,1.570818,1.571259,1.263374
11710,57600.000000,42166.694104,0.000046,0.000036,1.570819,1.571265,1.525893
11710,61200.000000,42166.648258,0.000044,0.000034,1.570818,1.571271,1.788408
11710,64800.000000,42166.358706,0.000037,0.000034,1.570816,1.571276,2.050916
11710,68400.000000,42165.916492,0.000025,0.000036,1.570814,1.571280,2.313417
11710,72000.000000,42165.443910,0.000012,0.000039,1.570811,1.571282,2.575911
11710,75600.000000,42165.058696,-0.000002,0.000043,1.570808,1.571283,2.838399
11710,79200.000000,42164.847635,-0.000015,0.000046,1.570807,1.571284,3.100884
11710,82800.000000,42164.852442,-0.000028,0.000047,1.570807,1.571284,3.363371
11711,0.000000,42165.066153,-0.000042,0.000046,1.570808,1.571284,3.625864
11711,3600.000000,42165.437576,-0.000056,0.000045,1.570810,1.571285,3.888365
11711,7200.000000,42165.882241,-0.000070,0.000045,1.570812,1.571288,4.150878
11711,10800.000000,42166.298835,-0.000081,0.000046,1.570813,1.571291,4.413402
11711,14400.000000,42166.589477,-0.000088,0.000049,1.570814,1.571295,4.675937
11711,18000.000000,42166.681002,-0.000090,0.000052,1.570814,1.571300,4.938479
11711,21600.000000,42166.543199,-0.000086,0.000053,1.570812,1.571304,5.201025
11711,25200.000000,42166.199572,-0.000078,0.000051,1.570809,1.571308,5.463572
11711,28800.000000,42165.726860,-0.000065,0.000047,1.570806,1.571310,5.726115
11711,32400.000000,42165.241458,-0.000052,0.000040,1.570804,1.571312,5.988653
11711,36000.000000,42164.873643,-0.000038,0.000034,1.570802,1.571312,6.251184
11711,39600.000000,42164.733925,-0.000025,0.000029,1.570801,1.571312,0.230524
11711,43200.000000,42164.879219,-0.000010,0.000027,1.570802,1.571312,0.493045
11711,46800.000000,42165.289182,0.000006,0.000027,1.570803,1.571313,0.755563
11711,50400.000000,42165.863313,0.000023,0.000029,1.570806,1.571316,1.018082
11711,54000.000000,42166.445099,0.000038,0.000029,1.570807,1.571320,1.280600
11711,57600.000000,42166.869479,0.000048,0.000028,1.570808,1.571326,1.543118
11711,61200.000000,42167.017389,0.000051,0.000027,1.570808,1.571332,1.805632
11711,64800.000000,42166.854520,0.000048,0.000028,1.570806,1.571337,2.068142
11711,68400.000000,42166.437973,0.000038,0.000031,1.570803,1.571342,2.330644
11711,72000.000000,42165.891175,0.000025,0.000038,1.570799,1.571344,2.593138
11711,75600.000000,42165.361906,0.000011,0.000045,1.570796,1.571346,2.855625
11711,79200.000000,42164.981223,-0.000003,0.000052,1.570794,1.571346,3.118107
11711,82800.000000,42164.834497,-0.000016,0.000057,1.570793,1.571346,3.380589
11712,0.000000,42164.947619,-0.000030,0.000060,1.570794,1.571346,3.643074
11712,3600.000000,42165.286791,-0.000045,0.000061,1.570795,1.571347,3.905568
11712,7200.000000,42165.769089,-0.000060,0.000061,1.570797,1.571349,4.168073
11712,10800.000000,42166.281144,-0.000074,0.000063,1.570798,1.571352,4.430592
11712,14400.000000,42166.703044,-0.000085,0.000066,1.570799,1.571356,4.693122
11712,18000.000000,42166.933866,-0.000090,0.000069,1.570798,1.571361,4.955663
11712,21600.000000,42166.914418,-0.000089,0.000070,1.570797,1.571365,5.218211
11712,25200.000000,42166.642546,-0.000082,0.000068,1.570794,1.571369,5.480760
11712,28800.000000,42166.177086,-0.000072,0.000062,1.570791,1.571371,5.743308
11712,32400.000000,42165.628318,-0.000060,0.000054,1.570788,1.571373,6.005849
11712,36000.000000,42165.135289,-0.000047,0.000044,1.570785,1.571373,6.268384
11712,39600.000000,42164.833315,-0.000034,0.000035,1.570784,1.571373,0.247725
11712,43200.000000,42164.817891,-0.000020,0.000029,1.570784,1.571373,0.510245
11712,46800.000000,42165.113758,-0.000004,0.000026,1.570785,1.571374,0.772762
11712,50400.000000,42165.659320,0.000013,0.000025,1.570786,1.571376,1.035277
11712,54000.000000,42166.315342,0.000031,0.000024,1.570788,1.571379,1.297792
11712,57600.000000,42166.901027,0.000045,0.000022,1.570788,1.571384,1.560307
11712,61200.000000,42167.249562,0.000053,0.000020,1.570788,1.571390,1.822820
11712,64800.000000,42167.263407,0.000054,0.000020,1.570786,1.571395,2.085329
11712,68400.000000,42166.945879,0.000047,0.000024,1.570782,1.571400,2.347832
11712,72000.000000,42166.395857,0.000036,0.000032,1.570779,1.571403,2.610327
11712,75600.000000,42165.770826,0.000023,0.000043,1.570775,1.571404,2.872813
11712,79200.000000,42165.236773,0.000010,0.000054,1.570772,1.571404,3.135293
11712,82800.000000,42164.923921,-0.000002,0.000063,1.570771,1.571404,3.397771
11713,0.000000,42164.899104,-0.000016,0.000069,1.570771,1.571404,3.660250
11713,3600.000000,42165.156931,-0.000031,0.000073,1.570772,1.571405,3.922736
11713,7200.000000,42165.627077,-0.000047,0.000075,1.570773,1.571407,4.185233
11713,10800.000000,42166.193521,-0.000063,0.000078,1.570774,1.571409,4.447744
11713,14400.000000,42166.721228,-0.000076,0.000082,1.570774,1.571413,4.710270
11713,18000.000000,42167.085556,-0.000084,0.000085,1.570774,1.571417,4.972808
11713,21600.000000,42167.199316,-0.000086,0.000088,1.570772,1.571421,5.235354
11713,25200.000000,42167.032525,-0.000082,0.000086,1.570770,1.571424,5.497906
11713,28800.000000,42166.620758,-0.000074,0.000080,1.570766,1.571427,5.760457
11713,32400.000000,42166.059793,-0.000063,0.000070,1.570763,1.571428,6.023003
11713,36000.000000,42165.486607,-0.000052,0.000058,1.570760,1.571429,0.002356
11713,39600.000000,42165.049418,-0.000041,0.000046,1.570759,1.571428,0.264886
11713,43200.000000,42164.871953,-0.000028,0.000036,1.570758,1.571428,0.527408
11713,46800.000000,42165.019177,-0.000014,0.000030,1.570758,1.571428,0.789924
11713,50400.000000,42165.473259,0.000003,0.000025,1.570759,1.571430,1.052437
11713,54000.000000,42166.128829,0.000021,0.000022,1.570760,1.571433,1.314948
11713,57600.000000,42166.814196,0.000038,0.000018,1.570761,1.571437,1.577459
11713,61200.000000,42167.338054,0.000050,0.000015,1.570760,1.571442,1.839970
11713,64800.000000,42167.549649,0.000055,0.000014,1.570758,1.571447,2.102478
11713,68400.000000,42167.389853,0.000052,0.000017,1.570755,1.571451,2.364980
11713,72000.000000,42166.910617,0.000044,0.000025,1.570751,1.571454,2.627475
11713,75600.000000,42166.254460,0.000034,0.000038,1.570747,1.571455,2.889962
11713,79200.000000,42165.605218,0.000022,0.000052,1.570744,1.571456,3.152440
11713,82800.000000,42165.132185,0.000011,0.000065,1.570742,1.571456,3.414914
11714,0.000000,42164.946904,-0.000001,0.000075,1.570742,1.571455,3.677387
11714,3600.000000,42165.081737,-0.000015,0.000082,1.570742,1.571456,3.939866
11714,7200.000000,42165.490153,-0.000030,0.000086,1.570743,1.571457,4.202356
11714,10800.000000,42166.064011,-0.000047,0.000091,1.570744,1.571459,4.464859
11714,14400.000000,42166.661669,-0.000062,0.000096,1.570744,1.571462,4.727377
11714,18000.000000,42167.140614,-0.000073,0.000101,1.570743,1.571466,4.989910
11714,21600.000000,42167.388581,-0.000077,0.000104,1.570742,1.571469,5.252455
11714,25200.000000,42167.347633,-0.000076,0.000104,1.570739,1.571472,5.515007
11714,28800.000000,42167.026875,-0.000070,0.000099,1.570736,1.571475,5.777560
11714,32400.000000,42166.501331,-0.000062,0.000089,1.570733,1.571476,6.040111
11714,36000.000000,42165.896893,-0.000053,0.000076,1.570730,1.571476,0.019469
11714,39600.000000,42165.363684,-0.000043,0.000061,1.570728,1.571476,0.282003
11714,43200.000000,42165.042344,-0.000033,0.000049,1.570727,1.571476,0.544529
11714,46800.000000,42165.029309,-0.000021,0.000039,1.570727,1.571476,0.807046
11714,50400.000000,42165.348323,-0.000007,0.000031,1.570728,1.571476,1.069558
11714,54000.000000,42165.936032,0.000011,0.000025,1.570728,1.571479,1.332067
11714,57600.000000,42166.649048,0.000028,0.000019,1.570729,1.571482,1.594575
11714,61200.000000,42167.296619,0.000043,0.000014,1.570728,1.571486,1.857082
11714,64800.000000,42167.694873,0.000052,0.000010,1.570726,1.571490,2.119587
11714,68400.000000,42167.726839,0.000053,0.000011,1.570723,1.571494,2.382088
11714,72000.000000,42167.384047,0.000049,0.000018,1.570719,1.571496,2.644583
11714,75600.000000,42166.769892,0.000041,0.000030,1.570716,1.571498,2.907069
11714,79200.000000,42166.062970,0.000033,0.000046,1.570712,1.571498,3.169546
11714,82800.000000,42165.457930,0.000024,0.000062,1.570710,1.571498,3.432017
11715,0.000000,42165.108555,0.000014,0.000076,1.570709,1.571498,3.694486
11715,3600.000000,42165.090938,0.000002,0.000086,1.570709,1.571498,3.956958
11715,7200.000000,42165.392634,-0.000012,0.000094,1.570710,1.571498,4.219439
11715,10800.000000,42165.924579,-0.000028,0.000100,1.570710,1.571500,4.481934
11715,14400.000000,42166.548474,-0.000044,0.000107,1.570711,1.571503,4.744444
11715,18000.000000,42167.111567,-0.000056,0.000113,1.570710,1.571506,5.006971
11715,21600.000000,42167.481346,-0.000063,0.000119,1.570709,1.571509,5.269512
11715,25200.000000,42167.573773,-0.000065,0.000120,1.570706,1.571511,5.532062
11715,28800.000000,42167.370298,-0.000061,0.000117,1.570704,1.571513,5.794617
11715,32400.000000,42166.920990,-0.000055,0.000108,1.570701,1.571515,6.057172
11715,36000.000000,42166.333557,-0.000048,0.000095,1.570698,1.571515,0.036535
11715,39600.000000,42165.750450,-0.000040,0.000079,1.570696,1.571514,0.299075
11715,43200.000000,42165.318145,-0.000033,0.000065,1.570695,1.571514,0.561605
11715,46800.000000,42165.153921,-0.000024,0.000052,1.570694,1.571514,0.824125
11715,50400.000000,42165.316089,-0.000012,0.000042,1.570695,1.571514,1.086638
11715,54000.000000,42165.783928,0.000003,0.000033,1.570695,1.571516,1.349146
11715,57600.000000,42166.453788,0.000020,0.000025,1.570695,1.571518,1.611652
11715,61200.000000,42167.156999,0.000035,0.000017,1.570695,1.571521,1.874155
11715,64800.000000,42167.701237,0.000046,0.000010,1.570693,1.571525,2.136658
11715,68400.000000,42167.928048,0.000051,0.000008,1.570691,1.571528,2.399156
11715,72000.000000,42167.767611,0.000051,0.000012,1.570687,1.571530,2.661649
11715,75600.000000,42167.266384,0.000046,0.000023,1.570684,1.571531,2.924134
11715,79200.000000,42166.572562,0.000040,0.000039,1.570681,1.571531,3.186611
11715,82800.000000,42165.885168,0.000034,0.000057,1.570679,1.571531,3.449080
11716,0.000000,42165.389949,0.000027,0.000073,1.570678,1.571531,3.711545
11716,3600.000000,42165.207302,0.000018,0.000086,1.570677,1.571530,3.974011
11716,7200.000000,42165.366725,0.000006,0.000096,1.570678,1.571531,4.236485
11716,10800.000000,42165.809226,-0.000008,0.000105,1.570678,1.571532,4.498971
11716,14400.000000,42166.410909,-0.000023,0.000114,1.570678,1.571534,4.761472
11716,18000.000000,42167.018116,-0.000036,0.000122,1.570678,1.571536,5.023991
11716,21600.000000,42167.484836,-0.000045,0.000129,1.570677,1.571539,5.286526
11716,25200.000000,42167.704762,-0.000048,0.000133,1.570675,1.571541,5.549074
11716,28800.000000,42167.632500,-0.000047,0.000132,1.570672,1.571543,5.811629
11716,32400.000000,42167.290938,-0.000043,0.000125,1.570670,1.571544,6.074185
11716,36000.000000,42166.764421,-0.000037,0.000113,1.570667,1.571544,0.053554
11716,39600.000000,42166.179808,-0.000032,0.000098,1.570666,1.571544,0.316099
11716,43200.000000,42165.679310,-0.000027,0.000082,1.570665,1.571543,0.578635
11716,46800.000000,42165.389981,-0.000021,0.000068,1.570664,1.571543,0.841161
11716,50400.000000,42165.394907,-0.000013,0.000056,1.570664,1.571543,1.103677
11716,54000.000000,42165.710937,-0.000001,0.000045,1.570665,1.571544,1.366186
11716,57600.000000,42166.277796,0.000013,0.000035,1.570665,1.571546,1.628690
11716,61200.000000,42166.963637,0.000028,0.000024,1.570664,1.571548,1.891191
11716,64800.000000,42167.591208,0.000040,0.000015,1.570663,1.571551,2.153690
11716,68400.000000,42167.984177,0.000047,0.000009,1.570661,1.571553,2.416186
11716,72000.000000,42168.023357,0.000049,0.000009,1.570659,1.571555,2.678676
11716,75600.000000,42167.691739,0.000048,0.000017,1.570656,1.571556,2.941160
11716,79200.000000,42167.085565,0.000044,0.000031,1.570653,1.571556,3.203635
11716,82800.000000,42166.382856,0.000041,0.000049,1.570652,1.571556,3.466102
11717,0.000000,42165.782905,0.000037,0.000067,1.570650,1.571555,3.728565
11717,3600.000000,42165.443584,0.000032,0.000082,1.570650,1.571555,3.991026
11717,7200.000000,42165.439699,0.000023,0.000095,1.570650,1.571555,4.253493
11717,10800.000000,42165.751774,0.000012,0.000106,1.570651,1.571556,4.515971
11717,14400.000000,42166.281829,-0.000001,0.000116,1.570651,1.571557,4.778463
11717,18000.000000,42166.886132,-0.000014,0.000126,1.570650,1.571559,5.040973
11717,21600.000000,42167.413856,-0.000023,0.000136,1.570649,1.571561,5.303501
11717,25200.000000,42167.742290,-0.000028,0.000142,1.570648,1.571563,5.566043
11717,28800.000000,42167.802020,-0.000028,0.000143,1.570646,1.571564,5.828596
11717,32400.000000,42167.588511,-0.000025,0.000139,1.570644,1.571565,6.091154
11717,36000.000000,42167.159471,-0.000022,0.000129,1.570642,1.571565,0.070526
11717,39600.000000,42166.620003,-0.000018,0.000115,1.570641,1.571565,0.333078
11717,43200.000000,42166.099316,-0.000015,0.000100,1.570640,1.571565,0.595620
11717,46800.000000,42165.723651,-0.000012,0.000085,1.570640,1.571564,0.858152
11717,50400.000000,42165.589910,-0.000007,0.000072,1.570640,1.571565,1.120673
11717,54000.000000,42165.743754,0.000001,0.000059,1.570640,1.571565,1.383185
11717,57600.000000,42166.165442,0.000012,0.000048,1.570640,1.571567,1.645689
11717,61200.000000,42166.766872,0.000024,0.000035,1.570640,1.571568,1.908189
11717,64800.000000,42167.403940,0.000035,0.000024,1.570639,1.571570,2.170685
11717,68400.000000,42167.907508,0.000043,0.000015,1.570638,1.571572,2.433177
11717,72000.000000,42168.130762,0.000047,0.000011,1.570636,1.571573,2.695665
11717,75600.000000,42168.000181,0.000047,0.000014,1.570634,1.571574,2.958146
11717,79200.000000,42167.547949,0.000046,0.000025,1.570632,1.571574,3.220620
11717,82800.000000,42166.906467,0.000044,0.000041,1.570631,1.571574,3.483086
11718,0.000000,42166.263737,0.000044,0.000058,1.570631,1.571573,3.745546
11718,3600.000000,42165.799632,0.000042,0.000075,1.570630,1.571573,4.008004
11718,7200.000000,42165.630836,0.000037,0.000089,1.570631,1.571573,4.270466
11718,10800.000000,42165.783326,0.000030,0.000101,1.570631,1.571574,4.532936
11718,14400.000000,42166.195853,0.000019,0.000113,1.570631,1.571575,4.795420
11718,18000.000000,42166.746497,0.000008,0.000125,1.570631,1.571577,5.057921
11718,21600.000000,42167.290160,-0.000000,0.000136,1.570630,1.571578,5.320440
11718,25200.000000,42167.695722,-0.000005,0.000145,1.570629,1.571580,5.582976
11718,28800.000000,42167.874707,-0.000007,0.000149,1.570627,1.571581,5.845525
11718,32400.000000,42167.796943,-0.000005,0.000148,1.570626,1.571581,6.108082
11718,36000.000000,42167.492168,-0.000002,0.000141,1.570625,1.571581,0.087456
11718,39600.000000,42167.039360,0.000001,0.000129,1.570624,1.571581,0.350012
11718,43200.000000,42166.547542,0.000002,0.000115,1.570624,1.571581,0.612561
11718,46800.000000,42166.132583,0.000003,0.000101,1.570624,1.571581,0.875100
11718,50400.000000,42165.894167,0.000005,0.000087,1.570624,1.571581,1.137627
11718,54000.000000,42165.896045,0.000009,0.000074,1.570625,1.571582,1.400143
11718,57600.000000,42166.151549,0.000016,0.000062,1.570625,1.571583,1.662650
11718,61200.000000,42166.616065,0.000024,0.000049,1.570624,1.571585,1.925150
11718,64800.000000,42167.189146,0.000033,0.000036,1.570624,1.571586,2.187644
11718,68400.000000,42167.730237,0.000040,0.000024,1.570623,1.571587,2.450133
11718,72000.000000,42168.090948,0.000043,0.000016,1.570622,1.571588,2.712616
11718,75600.000000,42168.160202,0.000044,0.000015,1.570621,1.571588,2.975095
11718,79200.000000,42167.907448,0.000044,0.000021,1.570620,1.571588,3.237566
11718,82800.000000,42167.401938,0.000045,0.000033,1.570620,1.571588,3.500031
11719,0.000000,42166.793409,0.000046,0.000049,1.570620,1.571588,3.762490
11719,3600.000000,42166.260113,0.000047,0.000065,1.570620,1.571588,4.024946
11719,7200.000000,42165.948366,0.000047,0.000080,1.570621,1.571589,4.287403
11719,10800.000000,42165.929513,0.000043,0.000093,1.570621,1.571590,4.549868
11719,14400.000000,42166.187359,0.000036,0.000106,1.570621,1.571591,4.812344
11719,18000.000000,42166.633846,0.000029,0.000119,1.570621,1.571592,5.074836
11719,21600.000000,42167.141782,0.000021,0.000131,1.570620,1.571594,5.337347
11719,25200.000000,42167.581850,0.000017,0.000142,1.570619,1.571594,5.599875
11719,28800.000000,42167.853782,0.000016,0.000149,1.570618,1.571595,5.862418
11719,32400.000000,42167.905772,0.000017,0.000150,1.570618,1.571595,6.124973
11719,36000.000000,42167.740275,0.000020,0.000147,1.570617,1.571595,0.104347
11719,39600.000000,42167.407641,0.000022,0.000138,1.570617,1.571595,0.366906
11719,43200.000000,42166.991181,0.000023,0.000126,1.570617,1.571595,0.629461
11719,46800.000000,42166.588121,0.000023,0.000113,1.570618,1.571596,0.892006
11719,50400.000000,42166.290510,0.000022,0.000100,1.570618,1.571597,1.154540
11719,54000.000000,42166.168757,0.000023,0.000087,1.570619,1.571598,1.417063
11719,57600.000000,42166.258941,0.000026,0.000075,1.570619,1.571599,1.679574
11719,61200.000000,42166.554086,0.000030,0.000062,1.570619,1.571601,1.942075
11719,64800.000000,42167.000176,0.000034,0.000049,1.570618,1.571602,2.204568
11719,68400.000000,42167.499672,0.000039,0.000036,1.570617,1.571602,2.467053
11719,72000.000000,42167.927218,0.000041,0.000026,1.570617,1.571603,2.729534
11719,75600.000000,42168.160538,0.000042,0.000020,1.570617,1.571603,2.992008
11719,79200.000000,42168.121596,0.000041,0.000021,1.570617,1.571603,3.254477
11719,82800.000000,42167.811666,0.000042,0.000029,1.570618,1.571603,3.516940
11720,0.000000,42167.319510,0.000044,0.000041,1.570619,1.571604,3.779398
11720,3600.000000,42166.793094,0.000047,0.000055,1.570620,1.571605,4.041852
11720,7200.000000,42166.386500,0.000050,0.000069,1.570621,1.571606,4.304308
11720,10800.000000,42166.207604,0.000050,0.000083,1.570621,1.571607,4.566768
11720,14400.000000,42166.288481,0.000048,0.000096,1.570621,1.571609,4.829239
11720,18000.000000,42166.585543,0.000044,0.000108,1.570621,1.571610,5.091724
11720,21600.000000,42167.002723,0.000040,0.000121,1.570620,1.571611,5.354226
11720,25200.000000,42167.424960,0.000037,0.000133,1.570620,1.571611,5.616745
11720,28800.000000,42167.750060,0.000037,0.000142,1.570619,1.571612,5.879282
11720,32400.000000,42167.911098,0.000039,0.000146,1.570619,1.571612,6.141831
11720,36000.000000,42167.886230,0.000042,0.000146,1.570619,1.571612,0.121203
11720,39600.000000,42167.696691,0.000045,0.000140,1.570620,1.571612,0.383764
11720,43200.000000,42167.396296,0.000046,0.000132,1.570621,1.571612,0.646323
11720,46800.000000,42167.056824,0.000045,0.000121,1.570622,1.571613,0.908874
11720,50400.000000,42166.753232,0.000044,0.000109,1.570623,1.571615,1.171415
11720,54000.000000,42166.551239,0.000042,0.000098,1.570623,1.571617,1.433945
11720,57600.000000,42166.497853,0.000041,0.000086,1.570623,1.571618,1.696461
11720,61200.000000,42166.613987,0.000040,0.000075,1.570623,1.571620,1.958965
11720,64800.000000,42166.888184,0.000041,0.000062,1.570622,1.571621,2.221458
11720,68400.000000,42167.272219,0.000041,0.000050,1.570622,1.571622,2.483941
11720,72000.000000,42167.682503,0.000041,0.000039,1.570621,1.571622,2.746418
11720,75600.000000,42168.013289,0.000040,0.000030,1.570622,1.571622,3.008888
11720,79200.000000,42168.165033,0.000038,0.000026,1.570623,1.571622,3.271353
11720,82800.000000,42168.081727,0.000037,0.000029,1.570625,1.571622,3.533813
11721,0.000000,42167.779786,0.000038,0.000036,1.570627,1.571623,3.796270
11721,3600.000000,42167.349234,0.000042,0.000047,1.570629,1.571625,4.058724
11721,7200.000000,42166.922053,0.000047,0.000060,1.570630,1.571627,4.321179
11721,10800.000000,42166.622872,0.000051,0.000072,1.570630,1.571630,4.583637
11721,14400.000000,42166.526704,0.000053,0.000084,1.570630,1.571632,4.846104
11721,18000.000000,42166.640925,0.000053,0.000096,1.570630,1.571633,5.108584
11721,21600.000000,42166.913495,0.000053,0.000108,1.570629,1.571634,5.371078
11721,25200.000000,42167.258038,0.000053,0.000120,1.570629,1.571635,5.633590
11721,28800.000000,42167.583223,0.000055,0.000129,1.570629,1.571635,5.896119
11721,32400.000000,42167.816566,0.000058,0.000136,1.570629,1.571635,6.158662
11721,36000.000000,42167.917685,0.000062,0.000138,1.570630,1.571635,0.138030
11721,39600.000000,42167.880609,0.000066,0.000136,1.570631,1.571635,0.400590
11721,43200.000000,42167.727893,0.000068,0.000131,1.570632,1.571636,0.663150
11721,46800.000000,42167.500675,0.000068,0.000123,1.570634,1.571638,0.925707
11721,50400.000000,42167.248563,0.000067,0.000113,1.570635,1.571640,1.188254
11721,54000.000000,42167.021769,0.000064,0.000104,1.570636,1.571642,1.450790
11721,57600.000000,42166.865810,0.000060,0.000094,1.570636,1.571645,1.713313
11721,61200.000000,42166.817246,0.000056,0.000084,1.570635,1.571647,1.975821
11721,64800.000000,42166.898148,0.000052,0.000074,1.570634,1.571648,2.238315
11721,68400.000000,42167.108104,0.000049,0.000064,1.570633,1.571649,2.500798
11721,72000.000000,42167.415653,0.000045,0.000053,1.570633,1.571649,2.763271
11721,75600.000000,42167.755038,0.000041,0.000044,1.570634,1.571649,3.025736
11721,79200.000000,42168.036016,0.000036,0.000037,1.570636,1.571649,3.288196
11721,82800.000000,42168.170351,0.000033,0.000035,1.570638,1.571650,3.550652
11722,0.000000,42168.107593,0.000031,0.000037,1.570641,1.571651,3.813107
11722,3600.000000,42167.861592,0.000033,0.000044,1.570643,1.571654,4.075561
11722,7200.000000,42167.509716,0.000038,0.000053,1.570645,1.571657,4.338016
11722,10800.000000,42167.162482,0.000044,0.000063,1.570646,1.571661,4.600475
11722,14400.000000,42166.920232,0.000050,0.000073,1.570646,1.571664,4.862940
11722,18000.000000,42166.839494,0.000055,0.000083,1.570645,1.571666,5.125417
11722,21600.000000,42166.922065,0.000059,0.000093,1.570644,1.571667,5.387906
11722,25200.000000,42167.125568,0.000062,0.000104,1.570644,1.571668,5.650411
11722,28800.000000,42167.385341,0.000067,0.000113,1.570644,1.571668,5.912932
11722,32400.000000,42167.636622,0.000072,0.000120,1.570644,1.571668,6.175468
11722,36000.000000,42167.829859,0.000078,0.000125,1.570645,1.571668,0.154831
11722,39600.000000,42167.936927,0.000083,0.000126,1.570647,1.571669,0.417387
11722,43200.000000,42167.949939,0.000088,0.000124,1.570649,1.571670,0.679948
11722,46800.000000,42167.876247,0.000090,0.000118,1.570651,1.571672,0.942506
11722,50400.000000,42167.733348,0.000090,0.000112,1.570652,1.571675,1.205059
11722,54000.000000,42167.546015,0.000087,0.000104,1.570653,1.571678,1.467601
11722,57600.000000,42167.345841,0.000082,0.000096,1.570653,1.571681,1.730130
11722,61200.000000,42167.171304,0.000076,0.000089,1.570652,1.571684,1.992643
11722,64800.000000,42167.065197,0.000068,0.000082,1.570651,1.571686,2.255140
11722,68400.000000,42167.066675,0.000061,0.000075,1.570649,1.571687,2.517623
11722,72000.000000,42167.197616,0.000053,0.000067,1.570649,1.571687,2.780093
11722,75600.000000,42167.447226,0.000046,0.000059,1.570649,1.571687,3.042554
11722,79200.000000,42167.763247,0.000038,0.000052,1.570651,1.571687,3.305008
11722,82800.000000,42168.059269,0.000031,0.000047,1.570654,1.571688,3.567459
11723,0.000000,42168.241856,0.000026,0.000045,1.570657,1.571690,3.829910
11723,3600.000000,42168.248557,0.000024,0.000047,1.570660,1.571694,4.092362
11723,7200.000000,42168.076753,0.000026,0.000052,1.570662,1.571698,4.354818
11723,10800.000000,42167.785305,0.000031,0.000059,1.570663,1.571702,4.617278
11723,14400.000000,42167.467846,0.000039,0.000066,1.570663,1.571707,4.879745
11723,18000.000000,42167.214448,0.000047,0.000073,1.570662,1.571710,5.142221
11723,21600.000000,42167.082372,0.000056,0.000080,1.570661,1.571712,5.404708
11723,25200.000000,42167.086460,0.000063,0.000088,1.570660,1.571713,5.667208
11723,28800.000000,42167.206659,0.000071,0.000095,1.570659,1.571714,5.929723
11723,32400.000000,42167.403390,0.000079,0.000102,1.570659,1.571714,6.192251
11723,36000.000000,42167.631962,0.000087,0.000107,1.570661,1.571714,0.171607
11723,39600.000000,42167.851477,0.000095,0.000110,1.570662,1.571714,0.434158
11723,43200.000000,42168.028072,0.000103,0.000110,1.570665,1.571716,0.696716
11723,46800.000000,42168.135076,0.000108,0.000108,1.570667,1.571718,0.959275
11723,50400.000000,42168.153297,0.000111,0.000104,1.570669,1.571721,1.221830
11723,54000.000000,42168.073580,0.000110,0.000098,1.570669,1.571725,1.484377
11723,57600.000000,42167.901749,0.000105,0.000093,1.570669,1.571729,1.746912
11723,61200.000000,42167.663830,0.000098,0.000088,1.570668,1.571733,2.009431
11723,64800.000000,42167.407962,0.000089,0.000085,1.570666,1.571736,2.271933
11723,68400.000000,42167.199221,0.000078,0.000082,1.570664,1.571737,2.534417
11723,72000.000000,42167.105267,0.000067,0.000079,1.570663,1.571738,2.796886
11723,75600.000000,42167.174371,0.000057,0.000075,1.570663,1.571738,3.059342
11723,79200.000000,42167.412301,0.000046,0.000070,1.570664,1.571738,3.321790
11723,82800.000000,42167.768941,0.000035,0.000064,1.570667,1.571739,3.584235
11724,0.000000,42168.145614,0.000025,0.000060,1.570670,1.571741,3.846680
11724,3600.000000,42168.426490,0.000018,0.000058,1.570673,1.571745,4.109129
11724,7200.000000,42168.523199,0.000014,0.000060,1.570676,1.571750,4.371583
11724,10800.000000,42168.410180,0.000016,0.000063,1.570677,1.571756,4.634045
11724,14400.000000,42168.131334,0.000023,0.000067,1.570677,1.571761,4.896514
11724,18000.000000,42167.776507,0.000033,0.000070,1.570675,1.571766,5.158992
11724,21600.000000,42167.444378,0.000045,0.000073,1.570673,1.571769,5.421480
11724,25200.000000,42167.211881,0.000056,0.000076,1.570671,1.571771,5.683978
11724,28800.000000,42167.120272,0.000067,0.000079,1.570670,1.571771,5.946488
11724,32400.000000,42167.175972,0.000077,0.000082,1.570670,1.571772,6.209010
11724,36000.000000,42167.358594,0.000088,0.000086,1.570670,1.571772,0.188359
11724,39600.000000,42167.629585,0.000099,0.000089,1.570672,1.571772,0.450903
11724,43200.000000,42167.938790,0.000110,0.000091,1.570674,1.571774,0.713455
11724,46800.000000,42168.229633,0.000119,0.000091,1.570677,1.571776,0.976012
11724,50400.000000,42168.445089,0.000126,0.000089,1.570679,1.571780,1.238567
11724,54000.000000,42168.536116,0.000128,0.000086,1.570679,1.571784,1.501117
11724,57600.000000,42168.472490,0.000127,0.000083,1.570679,1.571789,1.763657
11724,61200.000000,42168.253829,0.000120,0.000080,1.570678,1.571793,2.026182
11724,64800.000000,42167.916987,0.000111,0.000080,1.570675,1.571797,2.288689
11724,68400.000000,42167.535522,0.000099,0.000081,1.570673,1.571799,2.551177
11724,72000.000000,42167.207950,0.000086,0.000084,1.570671,1.571800,2.813646
11724,75600.000000,42167.034387,0.000073,0.000085,1.570669,1.571800,3.076099
11724,79200.000000,42167.085474,0.000060,0.000085,1.570670,1.571800,3.338542
11724,82800.000000,42167.372673,0.000047,0.000082,1.570671,1.571801,3.600979
11725,0.000000,42167.832842,0.000033,0.000079,1.570674,1.571803,3.863417
11725,3600.000000,42168.338990,0.000020,0.000076,1.570677,1.571807,4.125860
11725,7200.000000,42168.739761,0.000010,0.000074,1.570680,1.571812,4.388311
11725,10800.000000,42168.914271,0.000005,0.000075,1.570681,1.571818,4.650773
11725,14400.000000,42168.816454,0.000008,0.000076,1.570681,1.571825,4.913244
11725,18000.000000,42168.486805,0.000016,0.000076,1.570679,1.571831,5.175726
11725,21600.000000,42168.029070,0.000028,0.000074,1.570676,1.571835,5.438217
11725,25200.000000,42167.569056,0.000041,0.000071,1.570673,1.571838,5.700716
11725,28800.000000,42167.217039,0.000055,0.000069,1.570670,1.571839,5.963224
11725,32400.000000,42167.045528,0.000068,0.000067,1.570669,1.571839,6.225742
11725,36000.000000,42167.082269,0.000080,0.000067,1.570669,1.571839,0.205083
11725,39600.000000,42167.312755,0.000094,0.000068,1.570670,1.571839,0.467620
11725,43200.000000,42167.687103,0.000107,0.000070,1.570672,1.571841,0.730165
11725,46800.000000,42168.129202,0.000120,0.000070,1.570675,1.571843,0.992715
11725,50400.000000,42168.548332,0.000132,0.000070,1.570676,1.571847,1.255268
11725,54000.000000,42168.853846,0.000139,0.000068,1.570677,1.571852,1.517818
11725,57600.000000,42168.972370,0.000142,0.000065,1.570677,1.571857,1.780361
11725,61200.000000,42168.865165,0.000139,0.000065,1.570675,1.571861,2.042890
11725,64800.000000,42168.541703,0.000131,0.000066,1.570672,1.571865,2.305403
11725,68400.000000,42168.064913,0.000120,0.000072,1.570669,1.571868,2.567896
11725,72000.000000,42167.544248,0.000107,0.000079,1.570666,1.571869,2.830368
11725,75600.000000,42167.114862,0.000094,0.000087,1.570664,1.571870,3.092821
11725,79200.000000,42166.904691,0.000080,0.000093,1.570663,1.571870,3.355260
11725,82800.000000,42166.995720,0.000066,0.000096,1.570663,1.571870,3.617691
11726,0.000000,42167.390538,0.000050,0.000096,1.570665,1.571871,3.880121
11726,3600.000000,42167.998348,0.000032,0.000094,1.570668,1.571874,4.142556
11726,7200.000000,42168.652494,0.000016,0.000093,1.570670,1.571879,4.405001
11726,10800.000000,42169.160809,0.000004,0.000092,1.570671,1.571886,4.667459
11726,14400.000000,42169.372422,-0.000001,0.000092,1.570670,1.571893,4.929932
11726,18000.000000,42169.231181,0.000001,0.000090,1.570668,1.571899,5.192416
11726,21600.000000,42168.790187,0.000011,0.000085,1.570664,1.571904,5.454911
11726,25200.000000,42168.184203,0.000024,0.000077,1.570660,1.571908,5.717414
11726,28800.000000,42167.579116,0.000038,0.000068,1.570657,1.571909,5.979923
11726,32400.000000,42167.123282,0.000051,0.000059,1.570654,1.571910,6.242439
11726,36000.000000,42166.915598,0.000065,0.000053,1.570654,1.571910,0.221775
11726,39600.000000,42166.992290,0.000079,0.000050,1.570654,1.571910,0.484304
11726,43200.000000,42167.327794,0.000094,0.000049,1.570655,1.571911,0.746840
11726,46800.000000,42167.844757,0.000110,0.000049,1.570657,1.571913,1.009382
11726,50400.000000,42168.430259,0.000126,0.000048,1.570659,1.571916,1.271928
11726,54000.000000,42168.956729,0.000139,0.000046,1.570659,1.571921,1.534475
11726,57600.000000,42169.305889,0.000147,0.000043,1.570659,1.571925,1.797017
11726,61200.000000,42169.392905,0.000149,0.000043,1.570657,1.571930,2.059550
11726,64800.000000,42169.186648,0.000145,0.000045,1.570654,1.571934,2.322067
11726,68400.000000,42168.721411,0.000136,0.000052,1.570650,1.571937,2.584566
11726,72000.000000,42168.096005,0.000125,0.000063,1.570647,1.571939,2.847043
11726,75600.000000,42167.457932,0.000113,0.000077,1.570644,1.571940,3.109500
11726,79200.000000,42166.973083,0.000102,0.000090,1.570641,1.571939,3.371939
11726,82800.000000,42166.785007,0.000089,0.000099,1.570641,1.571939,3.634366
11727,0.000000,42166.971843,0.000073,0.000105,1.570641,1.571940,3.896789
11727,3600.000000,42167.513041,0.000055,0.000107,1.570643,1.571942,4.159216
11727,7200.000000,42168.280301,0.000034,0.000108,1.570645,1.571945,4.421653
11727,10800.000000,42169.064214,0.000015,0.000110,1.570646,1.571951,4.684105
11727,14400.000000,42169.636300,0.000002,0.000111,1.570645,1.571957,4.946575
11727,18000.000000,42169.827004,-0.000004,0.000110,1.570642,1.571964,5.209060
11727,21600.000000,42169.585671,-0.000001,0.000104,1.570638,1.571969,5.471558
11727,25200.000000,42168.993825,0.000009,0.000093,1.570634,1.571973,5.734066
11727,28800.000000,42168.228656,0.000020,0.000079,1.570629,1.571975,5.996578
11727,32400.000000,42167.499509,0.000033,0.000063,1.570626,1.571976,6.259095
11727,36000.000000,42166.986980,0.000045,0.000049,1.570624,1.571975,0.238429
11727,39600.000000,42166.802963,0.000058,0.000040,1.570623,1.571975,0.500951
11727,43200.000000,42166.975136,0.000072,0.000034,1.570623,1.571976,0.763478
11727,46800.000000,42167.451090,0.000090,0.000030,1.570625,1.571977,1.026009
11727,50400.000000,42168.115869,0.000108,0.000028,1.570626,1.571980,1.288546
11727,54000.000000,42168.818011,0.000126,0.000024,1.570626,1.571983,1.551084
11727,57600.000000,42169.400163,0.000139,0.000020,1.570626,1.571988,1.813622
11727,61200.000000,42169.730315,0.000147,0.000018,1.570624,1.571992,2.076154
11727,64800.000000,42169.729092,0.000148,0.000019,1.570621,1.571996,2.338674
11727,68400.000000,42169.388346,0.000143,0.000026,1.570618,1.571999,2.601179
11727,72000.000000,42168.776880,0.000135,0.000038,1.570614,1.572000,2.863663
11727,75600.000000,42168.030833,0.000126,0.000055,1.570610,1.572001,3.126125
11727,79200.000000,42167.328574,0.000118,0.000073,1.570607,1.572001,3.388568
11727,82800.000000,42166.852850,0.000108,0.000089,1.570606,1.572000,3.650996
11728,0.000000,42166.745897,0.000096,0.000101,1.570606,1.572000,3.913417
11728,3600.000000,42167.066465,0.000080,0.000109,1.570606,1.572001,4.175837
11728,7200.000000,42167.760756,0.000060,0.000114,1.570607,1.572003,4.438267
11728,10800.000000,42168.660954,0.000038,0.000119,1.570608,1.572007,4.700711
11728,14400.000000,42169.521643,0.000018,0.000124,1.570607,1.572012,4.963175
11728,18000.000000,42170.092032,0.000004,0.000126,1.570605,1.572018,5.225658
11728,21600.000000,42170.201671,-0.000001,0.000124,1.570601,1.572023,5.488157
11728,25200.000000,42169.822198,0.000001,0.000115,1.570597,1.572026,5.750667
11728,28800.000000,42169.074508,0.000008,0.000098,1.570592,1.572028,6.013185
11728,32400.000000,42168.179954,0.000017,0.000078,1.570588,1.572029,6.275704
11728,36000.000000,42167.383253,0.000025,0.000058,1.570585,1.572029,0.255038
11728,39600.000000,42166.881661,0.000035,0.000041,1.570583,1.572028,0.517556
11728,43200.000000,42166.781448,0.000046,0.000029,1.570583,1.572028,0.780075
11728,46800.000000,42167.085226,0.000062,0.000021,1.570583,1.572028,1.042596
11728,50400.000000,42167.703760,0.000081,0.000014,1.570584,1.572030,1.305121
11728,54000.000000,42168.483632,0.000100,0.000008,1.570584,1.572033,1.567648
11728,57600.000000,42169.243254,0.000118,0.000002,1.570584,1.572036,1.830177
11728,61200.000000,42169.810936,0.000130,-0.000004,1.570583,1.572040,2.092703
11728,64800.000000,42170.059332,0.000136,-0.000006,1.570580,1.572043,2.355222
11728,68400.000000,42169.931082,0.000136,-0.000002,1.570577,1.572045,2.617729
11728,72000.000000,42169.451413,0.000132,0.000009,1.570573,1.572047,2.880219
11728,75600.000000,42168.725176,0.000127,0.000026,1.570570,1.572047,3.142689
11728,79200.000000,42167.918059,0.000122,0.000046,1.570567,1.572047,3.405140
11728,82800.000000,42167.224160,0.000117,0.000065,1.570565,1.572046,3.667573
11729,0.000000,42166.824361,0.000110,0.000083,1.570564,1.572046,3.929996
11729,3600.000000,42166.842012,0.000100,0.000096,1.570564,1.572046,4.192415
11729,7200.000000,42167.304526,0.000084,0.000107,1.570565,1.572047,4.454840
11729,10800.000000,42168.121774,0.000063,0.000116,1.570565,1.572049,4.717278
11729,14400.000000,42169.093405,0.000041,0.000125,1.570565,1.572052,4.979735
11729,18000.000000,42169.953819,0.000022,0.000133,1.570563,1.572056,5.242212
11729,21600.000000,42170.450828,0.000010,0.000137,1.570560,1.572060,5.504709
11729,25200.000000,42170.433388,0.000005,0.000133,1.570556,1.572063,5.767221
11729,28800.000000,42169.908946,0.000006,0.000120,1.570552,1.572065,6.029741
11729,32400.000000,42169.040071,0.000009,0.000099,1.570548,1.572065,0.009079
11729,36000.000000,42168.082598,0.000012,0.000076,1.570545,1.572065,0.271601
11729,39600.000000,42167.298068,0.000016,0.000054,1.570543,1.572064,0.534118
11729,43200.000000,42166.878622,0.000023,0.000036,1.570543,1.572063,0.796633
11729,46800.000000,42166.906001,0.000034,0.000023,1.570543,1.572063,1.059145
11729,50400.000000,42167.346592,0.000049,0.000012,1.570543,1.572064,1.321657
11729,54000.000000,42168.073472,0.000068,0.000003,1.570543,1.572066,1.584171
11729,57600.000000,42168.904082,0.000086,-0.000007,1.570543,1.572068,1.846687
11729,61200.000000,42169.643596,0.000101,-0.000016,1.570542,1.572071,2.109204
11729,64800.000000,42170.126030,0.000111,-0.000023,1.570540,1.572073,2.371716
11729,68400.000000,42170.246835,0.000115,-0.000023,1.570538,1.572075,2.634221
11729,72000.000000,42169.982344,0.000115,-0.000017,1.570535,1.572076,2.896714
11729,75600.000000,42169.393533,0.000113,-0.000003,1.570532,1.572076,3.159191
11729,79200.000000,42168.613823,0.000112,0.000016,1.570530,1.572076,3.421649
11729,82800.000000,42167.823021,0.000111,0.000037,1.570528,1.572075,3.684092
11730,0.000000,42167.211358,0.000110,0.000057,1.570527,1.572075,3.946522
11730,3600.000000,42166.938874,0.000105,0.000074,1.570527,1.572074,4.208946
11730,7200.000000,42167.096277,0.000096,0.000088,1.570527,1.572075,4.471371
11730,10800.000000,42167.674585,0.000080,0.000101,1.570527,1.572076,4.733807
11730,14400.000000,42168.552596,0.000061,0.000114,1.570527,1.572078,4.996258
11730,18000.000000,42169.512420,0.000042,0.000128,1.570526,1.572080,5.258730
11730,21600.000000,42170.289980,0.000027,0.000138,1.570524,1.572082,5.521222
11730,25200.000000,42170.654733,0.000017,0.000142,1.570522,1.572084,5.783732
11730,28800.000000,42170.492563,0.000013,0.000136,1.570519,1.572085,6.046253
11730,32400.000000,42169.852634,0.000011,0.000120,1.570516,1.572085,0.025594
11730,36000.000000,42168.931018,0.000010,0.000098,1.570514,1.572085,0.288119
11730,39600.000000,42167.998381,0.000008,0.000075,1.570513,1.572084,0.550638
11730,43200.000000,42167.308445,0.000008,0.000054,1.570512,1.572084,0.813151
11730,46800.000000,42167.026113,0.000013,0.000036,1.570512,1.572083,1.075658
11730,50400.000000,42167.194952,0.000022,0.000022,1.570512,1.572084,1.338161
11730,54000.000000,42167.742947,0.000037,0.000009,1.570512,1.572085,1.600662
11730,57600.000000,42168.514595,0.000053,-0.000004,1.570512,1.572086,1.863165
11730,61200.000000,42169.315665,0.000068,-0.000016,1.570511,1.572088,2.125668
11730,64800.000000,42169.959185,0.000079,-0.000027,1.570510,1.572089,2.388170
11730,68400.000000,42170.304236,0.000086,-0.000033,1.570509,1.572090,2.650669
11730,72000.000000,42170.281944,0.000088,-0.000031,1.570507,1.572091,2.913159
11730,75600.000000,42169.905756,0.000088,-0.000022,1.570505,1.572091,3.175638
11730,79200.000000,42169.265730,0.000089,-0.000007,1.570504,1.572091,3.438104
11730,82800.000000,42168.508957,0.000091,0.000012,1.570503,1.572090,3.700556
11731,0.000000,42167.810001,0.000093,0.000031,1.570503,1.572090,3.962995
11731,3600.000000,42167.336142,0.000095,0.000049,1.570503,1.572090,4.225427
11731,7200.000000,42167.212296,0.000092,0.000065,1.570503,1.572090,4.487859
11731,10800.000000,42167.490416,0.000084,0.000080,1.570503,1.572091,4.750296
11731,14400.000000,42168.128738,0.000071,0.000096,1.570503,1.572092,5.012746
11731,18000.000000,42168.987884,0.000056,0.000112,1.570502,1.572093,5.275214
11731,21600.000000,42169.852197,0.000042,0.000127,1.570501,1.572094,5.537702
11731,25200.000000,42170.481454,0.000031,0.000138,1.570500,1.572094,5.800208
11731,28800.000000,42170.685709,0.000025,0.000141,1.570499,1.572095,6.062728
11731,32400.000000,42170.397074,0.000021,0.000134,1.570498,1.572095,0.042069
11731,36000.000000,42169.702048,0.000016,0.000118,1.570498,1.572095,0.304597
11731,39600.000000,42168.812854,0.000011,0.000097,1.570497,1.572095,0.567120
11731,43200.000000,42167.990356,0.000006,0.000075,1.570497,1.572095,0.829634
11731,46800.000000,42167.456617,0.000004,0.000056,1.570497,1.572095,1.092139
11731,50400.000000,42167.333364,0.000006,0.000040,1.570497,1.572095,1.354636
11731,54000.000000,42167.621840,0.000015,0.000025,1.570497,1.572096,1.617129
11731,57600.000000,42168.219451,0.000026,0.000011,1.570497,1.572097,1.879619
11731,61200.000000,42168.958974,0.000039,-0.000004,1.570497,1.572097,2.142109
11731,64800.000000,42169.655504,0.000049,-0.000018,1.570496,1.572098,2.404599
11731,68400.000000,42170.149511,0.000055,-0.000028,1.570496,1.572099,2.667087
11731,72000.000000,42170.338461,0.000058,-0.000032,1.570495,1.572099,2.929571
11731,75600.000000,42170.193139,0.000059,-0.000028,1.570494,1.572099,3.192048
11731,79200.000000,42169.758103,0.000060,-0.000018,1.570494,1.572099,3.454516
11731,82800.000000,42169.138348,0.000063,-0.000003,1.570494,1.572099,3.716975
11732,0.000000,42168.476108,0.000067,0.000014,1.570494,1.572099,3.979423
11732,3600.000000,42167.922488,0.000072,0.000031,1.570495,1.572099,4.241865
11732,7200.000000,42167.608331,0.000074,0.000046,1.570495,1.572100,4.504305
11732,10800.000000,42167.617806,0.000073,0.000061,1.570495,1.572101,4.766749
11732,14400.000000,42167.967555,0.000067,0.000077,1.570495,1.572102,5.029202
11732,18000.000000,42168.594741,0.000059,0.000093,1.570494,1.572102,5.291669
11732,21600.000000,42169.359294,0.000049,0.000110,1.570494,1.572103,5.554154
11732,25200.000000,42170.067273,0.000042,0.000125,1.570494,1.572103,5.816656
11732,28800.000000,42170.519115,0.000036,0.000135,1.570494,1.572103,6.079173
11732,32400.000000,42170.574666,0.000033,0.000136,1.570495,1.572103,0.058513
11732,36000.000000,42170.210100,0.000028,0.000128,1.570496,1.572103,0.321042
11732,39600.000000,42169.535266,0.000022,0.000113,1.570497,1.572103,0.583567
11732,43200.000000,42168.756725,0.000015,0.000095,1.570498,1.572104,0.846085
11732,46800.000000,42168.102998,0.000008,0.000077,1.570498,1.572105,1.108591
11732,50400.000000,42167.748400,0.000004,0.000061,1.570499,1.572106,1.371087
11732,54000.000000,42167.766332,0.000006,0.000046,1.570499,1.572107,1.633575
11732,57600.000000,42168.122258,0.000012,0.000031,1.570499,1.572108,1.896057
11732,61200.000000,42168.698627,0.000019,0.000015,1.570498,1.572108,2.158535
11732,64800.000000,42169.336440,0.000026,0.000000,1.570498,1.572109,2.421013
11732,68400.000000,42169.878870,0.000031,-0.000012,1.570498,1.572109,2.683489
11732,72000.000000,42170.206572,0.000032,-0.000020,1.570498,1.572109,2.945964
11732,75600.000000,42170.259079,0.000032,-0.000021,1.570499,1.572109,3.208435
11732,79200.000000,42170.040856,0.000033,-0.000016,1.570499,1.572109,3.470901
11732,82800.000000,42169.613797,0.000035,-0.000006,1.570500,1.572109,3.733362
11733,0.000000,42169.080057,0.000039,0.000008,1.570501,1.572110,3.995817
11733,3600.000000,42168.559898,0.000044,0.000022,1.570502,1.572111,4.258267
11733,7200.000000,42168.168846,0.000050,0.000036,1.570502,1.572112,4.520717
11733,10800.000000,42167.997101,0.000053,0.000049,1.570502,1.572114,4.783168
11733,14400.000000,42168.092652,0.000053,0.000063,1.570502,1.572115,5.045627
11733,18000.000000,42168.448888,0.000051,0.000077,1.570502,1.572116,5.308097
11733,21600.000000,42168.998472,0.000048,0.000093,1.570501,1.572116,5.570581
11733,25200.000000,42169.617807,0.000045,0.000109,1.570502,1.572116,5.833081
11733,28800.000000,42170.148315,0.000043,0.000122,1.570503,1.572115,6.095594
11733,32400.000000,42170.437563,0.000042,0.000128,1.570504,1.572115,0.074931
11733,36000.000000,42170.392051,0.000040,0.000128,1.570506,1.572116,0.337459
11733,39600.000000,42170.019237,0.000036,0.000120,1.570508,1.572117,0.599986
11733,43200.000000,42169.433118,0.000029,0.000107,1.570510,1.572119,0.862506
11733,46800.000000,42168.814812,0.000021,0.000093,1.570512,1.572121,1.125016
11733,50400.000000,42168.346394,0.000014,0.000079,1.570512,1.572123,1.387513
11733,54000.000000,42168.150222,0.000010,0.000065,1.570512,1.572124,1.650000
11733,57600.000000,42168.257908,0.000010,0.000051,1.570512,1.572125,1.912477
11733,61200.000000,42168.614068,0.000012,0.000037,1.570512,1.572126,2.174949
11733,64800.000000,42169.105033,0.000015,0.000022,1.570511,1.572126,2.437416
11733,68400.000000,42169.597514,0.000016,0.000009,1.570512,1.572126,2.699881
11733,72000.000000,42169.974285,0.000015,-0.000000,1.570512,1.572126,2.962345
11733,75600.000000,42170.158858,0.000013,-0.000005,1.570513,1.572126,3.224808
11733,79200.000000,42170.126177,0.000012,-0.000004,1.570514,1.572126,3.487270
11733,82800.000000,42169.900365,0.000012,0.000002,1.570516,1.572127,3.749729
11734,0.000000,42169.543113,0.000014,0.000012,1.570517,1.572129,4.012186
11734,3600.000000,42169.137340,0.000018,0.000023,1.570518,1.572130,4.274642
11734,7200.000000,42168.770374,0.000024,0.000034,1.570519,1.572132,4.537099
11734,10800.000000,42168.519418,0.000029,0.000045,1.570519,1.572134,4.799558
11734,14400.000000,42168.440099,0.000034,0.000057,1.570519,1.572136,5.062024
11734,18000.000000,42168.557448,0.000037,0.000068,1.570518,1.572137,5.324499
11734,21600.000000,42168.858535,0.000039,0.000081,1.570518,1.572138,5.586985
11734,25200.000000,42169.287875,0.000041,0.000095,1.570518,1.572138,5.849483
11734,28800.000000,42169.749997,0.000043,0.000107,1.570519,1.572138,6.111993
11734,32400.000000,42170.125531,0.000046,0.000116,1.570520,1.572138,0.091327
11734,36000.000000,42170.303799,0.000048,0.000120,1.570523,1.572138,0.353853
11734,39600.000000,42170.224226,0.000048,0.000118,1.570526,1.572140,0.616379
11734,43200.000000,42169.906898,0.000045,0.000110,1.570529,1.572142,0.878900
11734,46800.000000,42169.451777,0.000038,0.000100,1.570530,1.572145,1.141413
11734,50400.000000,42169.002427,0.000030,0.000089,1.570531,1.572148,1.403914
11734,54000.000000,42168.692088,0.000023,0.000078,1.570531,1.572151,1.666402
11734,57600.000000,42168.598949,0.000019,0.000067,1.570531,1.572153,1.928879
11734,61200.000000,42168.728266,0.000016,0.000055,1.570530,1.572154,2.191346
11734,64800.000000,42169.022410,0.000014,0.000043,1.570530,1.572155,2.453807
11734,68400.000000,42169.388292,0.000011,0.000031,1.570530,1.572155,2.716263
11734,72000.000000,42169.728757,0.000008,0.000022,1.570530,1.572154,2.978717
11734,75600.000000,42169.967702,0.000004,0.000016,1.570531,1.572154,3.241171
11734,79200.000000,42170.063838,-0.000000,0.000014,1.570533,1.572155,3.503625
11734,82800.000000,42170.012809,-0.000003,0.000017,1.570535,1.572156,3.766079
11735,0.000000,42169.840562,-0.000004,0.000023,1.570537,1.572157,4.028535
11735,3600.000000,42169.592339,-0.000002,0.000031,1.570538,1.572160,4.290994
11735,7200.000000,42169.321452,0.000002,0.000040,1.570539,1.572162,4.553455
11735,10800.000000,42169.080501,0.000008,0.000049,1.570539,1.572165,4.815921
11735,14400.000000,42168.915592,0.000014,0.000058,1.570538,1.572167,5.078393
11735,18000.000000,42168.862132,0.000020,0.000067,1.570537,1.572169,5.340874
11735,21600.000000,42168.939926,0.000026,0.000076,1.570536,1.572170,5.603363
11735,25200.000000,42169.146234,0.000032,0.000085,1.570536,1.572171,5.865862
11735,28800.000000,42169.448433,0.000038,0.000095,1.570536,1.572170,6.128370
11735,32400.000000,42169.781703,0.000045,0.000103,1.570538,1.572170,0.107701
11735,36000.000000,42170.058985,0.000051,0.000108,1.570540,1.572171,0.370223
11735,39600.000000,42170.196439,0.000055,0.000109,1.570544,1.572173,0.632747
11735,43200.000000,42170.147192,0.000056,0.000106,1.570546,1.572176,0.895268
11735,46800.000000,42169.925811,0.000054,0.000100,1.570549,1.572179,1.157782
11735,50400.000000,42169.606633,0.000048,0.000093,1.570550,1.572183,1.420286
11735,54000.000000,42169.294195,0.000041,0.000084,1.570550,1.572187,1.682777
11735,57600.000000,42169.081852,0.000034,0.000076,1.570549,1.572190,1.945256
11735,61200.000000,42169.020143,0.000027,0.000067,1.570548,1.572192,2.207722
11735,64800.000000,42169.107254,0.000021,0.000058,1.570547,1.572193,2.470179
11735,68400.000000,42169.300138,0.000016,0.000049,1.570547,1.572193,2.732629
11735,72000.000000,42169.536332,0.000009,0.000042,1.570547,1.572193,2.995075
11735,75600.000000,42169.755637,0.000003,0.000037,1.570548,1.572193,3.257520
11735,79200.000000,42169.914604,-0.000004,0.000034,1.570549,1.572193,3.519966
11735,82800.000000,42169.991692,-0.000010,0.000035,1.570551,1.572194,3.782414
11736,0.000000,42169.984868,-0.000013,0.000039,1.570553,1.572196,4.044866
11736,3600.000000,42169.905407,-0.000015,0.000045,1.570555,1.572199,4.307323
11736,7200.000000,42169.771793,-0.000013,0.000052,1.570556,1.572202,4.569787
11736,10800.000000,42169.606290,-0.000009,0.000059,1.570556,1.572205,4.832257
11736,14400.000000,42169.434580,-0.000003,0.000066,1.570555,1.572208,5.094735
11736,18000.000000,42169.286709,0.000004,0.000072,1.570554,1.572210,5.357220
11736,21600.000000,42169.196215,0.000012,0.000077,1.570552,1.572212,5.619714
11736,25200.000000,42169.194566,0.000021,0.000082,1.570551,1.572212,5.882214
11736,28800.000000,42169.300238,0.000030,0.000087,1.570551,1.572212,6.144723
11736,32400.000000,42169.505653,0.000039,0.000092,1.570552,1.572212,0.124051
11736,36000.000000,42169.769225,0.000048,0.000096,1.570554,1.572213,0.386570
11736,39600.000000,42170.020832,0.000056,0.000098,1.570556,1.572215,0.649091
11736,43200.000000,42170.183950,0.000062,0.000098,1.570559,1.572217,0.911610
11736,46800.000000,42170.206991,0.000065,0.000095,1.570561,1.572221,1.174124
11736,50400.000000,42170.087041,0.000063,0.000090,1.570563,1.572226,1.436629
11736,54000.000000,42169.871023,0.000058,0.000084,1.570563,1.572230,1.699123
11736,57600.000000,42169.633455,0.000051,0.000078,1.570562,1.572234,1.961604
11736,61200.000000,42169.444862,0.000042,0.000073,1.570560,1.572237,2.224072
11736,64800.000000,42169.348208,0.000034,0.000067,1.570559,1.572238,2.486527
11736,68400.000000,42169.352120,0.000025,0.000062,1.570558,1.572239,2.748974
11736,72000.000000,42169.438530,0.000017,0.000058,1.570557,1.572239,3.011414
11736,75600.000000,42169.576398,0.000008,0.000055,1.570558,1.572239,3.273851
11736,79200.000000,42169.733706,-0.000001,0.000053,1.570559,1.572239,3.536288
11736,82800.000000,42169.883758,-0.000009,0.000054,1.570561,1.572240,3.798729
11737,0.000000,42170.005932,-0.000015,0.000056,1.570563,1.572242,4.061175
11737,3600.000000,42170.083668,-0.000020,0.000061,1.570564,1.572245,4.323629
11737,7200.000000,42170.103052,-0.000022,0.000066,1.570565,1.572248,4.586093
11737,10800.000000,42170.054338,-0.000021,0.000072,1.570565,1.572252,4.848565
11737,14400.000000,42169.936682,-0.000016,0.000077,1.570564,1.572255,5.111047
11737,18000.000000,42169.764118,-0.000009,0.000081,1.570562,1.572258,5.373537
11737,21600.000000,42169.569251,-0.000000,0.000084,1.570561,1.572260,5.636034
11737,25200.000000,42169.400868,0.000010,0.000085,1.570559,1.572260,5.898538
11737,28800.000000,42169.313241,0.000020,0.000085,1.570558,1.572261,6.161047
11737,32400.000000,42169.348245,0.000031,0.000086,1.570558,1.572261,0.140375
11737,36000.000000,42169.515897,0.000041,0.000087,1.570559,1.572261,0.402891
11737,39600.000000,42169.782526,0.000052,0.000088,1.570561,1.572262,0.665408
11737,43200.000000,42170.075607,0.000062,0.000088,1.570564,1.572265,0.927924
11737,46800.000000,42170.307668,0.000069,0.000086,1.570566,1.572269,1.190436
11737,50400.000000,42170.410281,0.000073,0.000083,1.570567,1.572273,1.452942
11737,54000.000000,42170.360695,0.000072,0.000079,1.570567,1.572278,1.715437
11737,57600.000000,42170.186752,0.000066,0.000075,1.570566,1.572283,1.977920
11737,61200.000000,42169.949646,0.000058,0.000072,1.570564,1.572286,2.240390
11737,64800.000000,42169.717287,0.000048,0.000070,1.570562,1.572288,2.502846
11737,68400.000000,42169.543073,0.000038,0.000070,1.570560,1.572289,2.765290
11737,72000.000000,42169.457040,0.000028,0.000069,1.570559,1.572289,3.027726
11737,75600.000000,42169.467293,0.000018,0.000069,1.570559,1.572289,3.290156
11737,79200.000000,42169.565599,0.000008,0.000070,1.570560,1.572290,3.552586
11737,82800.000000,42169.732168,-0.000002,0.000071,1.570561,1.572290,3.815019
11738,0.000000,42169.938049,-0.000011,0.000073,1.570563,1.572292,4.077458
11738,3600.000000,42170.146470,-0.000019,0.000077,1.570564,1.572295,4.339908
11738,7200.000000,42170.315620,-0.000024,0.000082,1.570565,1.572298,4.602368
11738,10800.000000,42170.404779,-0.000026,0.000087,1.570565,1.572301,4.864841
11738,14400.000000,42170.383827,-0.000024,0.000092,1.570564,1.572305,5.127325
11738,18000.000000,42170.244057,-0.000019,0.000094,1.570562,1.572308,5.389819
11738,21600.000000,42170.006489,-0.000010,0.000094,1.570560,1.572310,5.652321
11738,25200.000000,42169.723432,-0.000000,0.000092,1.570557,1.572311,5.914828
11738,28800.000000,42169.470072,0.000010,0.000089,1.570556,1.572312,6.177339
11738,32400.000000,42169.325671,0.000021,0.000085,1.570555,1.572312,0.156667
11738,36000.000000,42169.348088,0.000033,0.000082,1.570555,1.572312,0.419181
11738,39600.000000,42169.549737,0.000045,0.000080,1.570557,1.572313,0.681695
11738,43200.000000,42169.885800,0.000057,0.000079,1.570559,1.572315,0.944208
11738,46800.000000,42170.263450,0.000068,0.000077,1.570560,1.572318,1.206717
11738,50400.000000,42170.572401,0.000077,0.000074,1.570561,1.572323,1.469221
11738,54000.000000,42170.724958,0.000080,0.000071,1.570561,1.572327,1.731717
11738,57600.000000,42170.686404,0.000078,0.000068,1.570560,1.572332,1.994201
11738,61200.000000,42170.481568,0.000072,0.000067,1.570558,1.572336,2.256673
11738,64800.000000,42170.178097,0.000063,0.000068,1.570555,1.572338,2.519130
11738,68400.000000,42169.859225,0.000052,0.000071,1.570553,1.572340,2.781573
11738,72000.000000,42169.599975,0.000041,0.000075,1.570551,1.572340,3.044006
11738,75600.000000,42169.453324,0.000031,0.000079,1.570550,1.572340,3.306431
11738,79200.000000,42169.445238,0.000020,0.000082,1.570550,1.572340,3.568854
11738,82800.000000,42169.574531,0.000009,0.000086,1.570551,1.572341,3.831279
11739,0.000000,42169.814716,-0.000002,0.000089,1.570553,1.572342,4.093712
11739,3600.000000,42170.117511,-0.000012,0.000093,1.570554,1.572344,4.356155
11739,7200.000000,42170.419215,-0.000020,0.000098,1.570554,1.572347,4.618611
11739,10800.000000,42170.651079,-0.000026,0.000103,1.570554,1.572351,4.881082
11739,14400.000000,42170.753352,-0.000027,0.000107,1.570553,1.572354,5.143567
11739,18000.000000,42170.690710,-0.000024,0.000110,1.570551,1.572357,5.406064
11739,21600.000000,42170.465139,-0.000017,0.000109,1.570549,1.572360,5.668569
11739,25200.000000,42170.121711,-0.000008,0.000104,1.570546,1.572361,5.931081
11739,28800.000000,42169.743505,0.000002,0.000097,1.570544,1.572361,6.193595
11739,32400.000000,42169.434227,0.000013,0.000090,1.570543,1.572361,0.172925
11739,36000.000000,42169.290673,0.000024,0.000083,1.570542,1.572361,0.435438
11739,39600.000000,42169.371504,0.000035,0.000077,1.570543,1.572362,0.697950
11739,43200.000000,42169.672568,0.000049,0.000074,1.570544,1.572363,0.960460
11739,46800.000000,42170.120196,0.000062,0.000070,1.570546,1.572366,1.222966
11739,50400.000000,42170.589680,0.000075,0.000067,1.570547,1.572370,1.485467
11739,54000.000000,42170.945775,0.000083,0.000063,1.570546,1.572374,1.747961
11739,57600.000000,42171.089508,0.000086,0.000060,1.570545,1.572379,2.010446
11739,61200.000000,42170.990131,0.000082,0.000059,1.570542,1.572383,2.272918
11739,64800.000000,42170.688894,0.000075,0.000062,1.570539,1.572386,2.535376
11739,68400.000000,42170.277450,0.000065,0.000068,1.570536,1.572387,2.797820
11739,72000.000000,42169.865281,0.000055,0.000076,1.570534,1.572388,3.060251
11739,75600.000000,42169.550491,0.000045,0.000084,1.570533,1.572388,3.322672
11739,79200.000000,42169.400759,0.000034,0.000091,1.570532,1.572387,3.585089
11739,82800.000000,42169.444301,0.000024,0.000097,1.570533,1.572388,3.847507
11740,0.000000,42169.668218,0.000012,0.000102,1.570534,1.572389,4.109931
11740,3600.000000,42170.022398,-0.000000,0.000107,1.570535,1.572391,4.372367
11740,7200.000000,42170.428573,-0.000011,0.000113,1.570535,1.572393,4.634818
11740,10800.000000,42170.794506,-0.000020,0.000119,1.570535,1.572396,4.897285
11740,14400.000000,42171.032322,-0.000024,0.000124,1.570534,1.572400,5.159769
11740,18000.000000,42171.078411,-0.000023,0.000126,1.570532,1.572402,5.422267
11740,21600.000000,42170.910759,-0.000019,0.000125,1.570529,1.572405,5.684776
11740,25200.000000,42170.559032,-0.000011,0.000120,1.570527,1.572406,5.947292
11740,28800.000000,42170.103321,-0.000002,0.000111,1.570524,1.572407,6.209811
11740,32400.000000,42169.659497,0.000007,0.000099,1.570522,1.572407,0.189143
11740,36000.000000,42169.352237,0.000016,0.000089,1.570521,1.572406,0.451658
11740,39600.000000,42169.280616,0.000026,0.000080,1.570521,1.572406,0.714170
11740,43200.000000,42169.485055,0.000039,0.000073,1.570522,1.572407,0.976677
11740,46800.000000,42169.927069,0.000054,0.000067,1.570523,1.572409,1.239179
11740,50400.000000,42170.492545,0.000068,0.000062,1.570524,1.572412,1.501677
11740,54000.000000,42171.022901,0.000081,0.000057,1.570523,1.572416,1.764169
11740,57600.000000,42171.366294,0.000088,0.000052,1.570522,1.572420,2.026653
11740,61200.000000,42171.428870,0.000089,0.000051,1.570520,1.572424,2.289125
11740,64800.000000,42171.203564,0.000084,0.000054,1.570516,1.572427,2.551583
11740,68400.000000,42170.765514,0.000077,0.000062,1.570513,1.572428,2.814027
11740,72000.000000,42170.240895,0.000068,0.000073,1.570510,1.572429,3.076457
11740,75600.000000,42169.766402,0.000059,0.000085,1.570508,1.572429,3.338876
11740,79200.000000,42169.454605,0.000050,0.000096,1.570507,1.572429,3.601287
11740,82800.000000,42169.372106,0.000040,0.000105,1.570507,1.572429,3.863698
11741,0.000000,42169.530645,0.000028,0.000113,1.570508,1.572429,4.126114
11741,3600.000000,42169.888845,0.000016,0.000119,1.570509,1.572431,4.388542
11741,7200.000000,42170.362535,0.000003,0.000126,1.570509,1.572433,4.650985
11741,10800.000000,42170.842072,-0.000008,0.000133,1.570509,1.572435,4.913448
11741,14400.000000,42171.214680,-0.000015,0.000139,1.570508,1.572438,5.175929
11741,18000.000000,42171.388658,-0.000018,0.000143,1.570506,1.572441,5.438427
11741,21600.000000,42171.315100,-0.000015,0.000143,1.570504,1.572443,5.700939
11741,25200.000000,42171.002281,-0.000010,0.000137,1.570501,1.572444,5.963459
11741,28800.000000,42170.518455,-0.000003,0.000127,1.570498,1.572445,6.225982
11741,32400.000000,42169.980662,0.000004,0.000113,1.570496,1.572445,0.205319
11741,36000.000000,42169.529923,0.000012,0.000100,1.570495,1.572444,0.467837
11741,39600.000000,42169.296532,0.000020,0.000087,1.570494,1.572444,0.730350
11741,43200.000000,42169.362676,0.000031,0.000077,1.570495,1.572444,0.992856
11741,46800.000000,42169.732560,0.000044,0.000069,1.570495,1.572445,1.255356
11741,50400.000000,42170.321483,0.000060,0.000061,1.570496,1.572448,1.517851
11741,54000.000000,42170.972680,0.000075,0.000054,1.570495,1.572451,1.780340
11741,57600.000000,42171.502169,0.000086,0.000048,1.570494,1.572454,2.042821
11741,61200.000000,42171.758502,0.000091,0.000044,1.570492,1.572457,2.305292
11741,64800.000000,42171.673521,0.000090,0.000046,1.570489,1.572460,2.567750
11741,68400.000000,42171.281921,0.000085,0.000054,1.570486,1.572462,2.830194
11741,72000.000000,42170.703236,0.000079,0.000067,1.570483,1.572462,3.092623
11741,75600.000000,42170.098568,0.000072,0.000082,1.570480,1.572462,3.355039
11741,79200.000000,42169.622442,0.000065,0.000097,1.570479,1.572462,3.617447
11741,82800.000000,42169.385513,0.000057,0.000109,1.570479,1.572461,3.879851
11742,0.000000,42169.434297,0.000047,0.000119,1.570479,1.572461,4.142259
11742,3600.000000,42169.747306,0.000034,0.000128,1.570479,1.572462,4.404678
11742,7200.000000,42170.244466,0.000021,0.000136,1.570479,1.572464,4.667114
11742,10800.000000,42170.806455,0.000008,0.000145,1.570479,1.572466,4.929570
11742,14400.000000,42171.300557,-0.000001,0.000153,1.570478,1.572468,5.192047
11742,18000.000000,42171.608995,-0.000006,0.000158,1.570477,1.572471,5.454543
11742,21600.000000,42171.654967,-0.000007,0.000160,1.570475,1.572472,5.717056
11742,25200.000000,42171.421322,-0.000003,0.000155,1.570472,1.572474,5.979579
11742,28800.000000,42170.957521,0.000002,0.000145,1.570470,1.572474,6.242107
11742,32400.000000,42170.372284,0.000007,0.000130,1.570468,1.572474,0.221450
11742,36000.000000,42169.811887,0.000012,0.000114,1.570466,1.572473,0.483972
11742,39600.000000,42169.427075,0.000017,0.000099,1.570465,1.572473,0.746488
11742,43200.000000,42169.334499,0.000025,0.000086,1.570465,1.572473,1.008995
11742,46800.000000,42169.581283,0.000037,0.000075,1.570465,1.572473,1.271495
11742,50400.000000,42170.123178,0.000051,0.000065,1.570466,1.572475,1.533987
11742,54000.000000,42170.826569,0.000067,0.000056,1.570465,1.572477,1.796472
11742,57600.000000,42171.500178,0.000081,0.000047,1.570464,1.572479,2.058951
11742,61200.000000,42171.951847,0.000090,0.000040,1.570463,1.572482,2.321419
11742,64800.000000,42172.052021,0.000093,0.000040,1.570460,1.572484,2.583877
11742,68400.000000,42171.777507,0.000091,0.000046,1.570457,1.572486,2.846320
11742,72000.000000,42171.215996,0.000087,0.000059,1.570454,1.572486,3.108749
11742,75600.000000,42170.531665,0.000083,0.000076,1.570452,1.572486,3.371163
11742,79200.000000,42169.910332,0.000078,0.000093,1.570450,1.572485,3.633567
11742,82800.000000,42169.507007,0.000073,0.000109,1.570450,1.572485,3.895965
11743,0.000000,42169.410728,0.000066,0.000122,1.570450,1.572485,4.158366
11743,3600.000000,42169.630913,0.000055,0.000133,1.570450,1.572485,4.420776
11743,7200.000000,42170.102724,0.000042,0.000143,1.570450,1.572486,4.683203
11743,10800.000000,42170.706597,0.000028,0.000153,1.570450,1.572488,4.945651
11743,14400.000000,42171.296730,0.000017,0.000163,1.570449,1.572489,5.208122
11743,18000.000000,42171.733199,0.000010,0.000171,1.570448,1.572491,5.470615
11743,21600.000000,42171.912200,0.000008,0.000174,1.570446,1.572493,5.733127
11743,25200.000000,42171.789015,0.000009,0.000172,1.570444,1.572494,5.995653
11743,28800.000000,42171.389195,0.000012,0.000163,1.570442,1.572494,6.258185
11743,32400.000000,42170.805243,0.000015,0.000148,1.570440,1.572494,0.237533
11743,36000.000000,42170.178578,0.000018,0.000131,1.570439,1.572493,0.500062
11743,39600.000000,42169.669245,0.000020,0.000114,1.570438,1.572493,0.762582
11743,43200.000000,42169.418415,0.000025,0.000099,1.570437,1.572492,1.025093
11743,46800.000000,42169.510830,0.000033,0.000086,1.570438,1.572492,1.287593
11743,50400.000000,42169.946057,0.000045,0.000074,1.570438,1.572493,1.550085
11743,54000.000000,42170.628182,0.000060,0.000062,1.570437,1.572495,1.812567
11743,57600.000000,42171.382195,0.000075,0.000050,1.570437,1.572496,2.075042
11743,61200.000000,42171.999204,0.000086,0.000040,1.570435,1.572498,2.337508
11743,64800.000000,42172.300833,0.000092,0.000036,1.570433,1.572500,2.599963
11743,68400.000000,42172.199945,0.000093,0.000039,1.570431,1.572501,2.862406
11743,72000.000000,42171.730895,0.000092,0.000050,1.570429,1.572501,3.124833
11743,75600.000000,42171.035198,0.000091,0.000067,1.570427,1.572501,3.387246
11743,79200.000000,42170.311010,0.000090,0.000086,1.570425,1.572500,3.649647
11743,82800.000000,42169.750442,0.000088,0.000104,1.570425,1.572500,3.912041
11744,0.000000,42169.488253,0.000083,0.000119,1.570424,1.572500,4.174435
11744,3600.000000,42169.574249,0.000075,0.000133,1.570424,1.572500,4.436838
11744,7200.000000,42169.970507,0.000064,0.000145,1.570424,1.572500,4.699255
11744,10800.000000,42170.568267,0.000051,0.000157,1.570424,1.572501,4.961694
11744,14400.000000,42171.217518,0.000039,0.000169,1.570424,1.572502,5.224157
11744,18000.000000,42171.762223,0.000031,0.000179,1.570423,1.572504,5.486645
11744,21600.000000,42172.074531,0.000027,0.000185,1.570422,1.572505,5.749155
11744,25200.000000,42172.081987,0.000026,0.000185,1.570420,1.572505,6.011681
11744,28800.000000,42171.782984,0.000028,0.000178,1.570418,1.572506,6.274217
11744,32400.000000,42171.247625,0.000029,0.000165,1.570417,1.572505,0.253570
11744,36000.000000,42170.603653,0.000030,0.000149,1.570416,1.572505,0.516105
11744,39600.000000,42170.009692,0.000030,0.000131,1.570415,1.572504,0.778632
11744,43200.000000,42169.620266,0.000031,0.000114,1.570415,1.572504,1.041148
11744,46800.000000,42169.548719,0.000035,0.000100,1.570415,1.572504,1.303651
11744,50400.000000,42169.835304,0.000044,0.000086,1.570415,1.572504,1.566143
11744,54000.000000,42170.428488,0.000056,0.000072,1.570415,1.572505,1.828625
11744,57600.000000,42171.187573,0.000070,0.000058,1.570414,1.572506,2.091097
11744,61200.000000,42171.912349,0.000082,0.000045,1.570414,1.572507,2.353559
11744,64800.000000,42172.398076,0.000090,0.000036,1.570412,1.572508,2.616012
11744,68400.000000,42172.501398,0.000093,0.000035,1.570411,1.572509,2.878452
11744,72000.000000,42172.191742,0.000094,0.000042,1.570409,1.572509,3.140878
11744,75600.000000,42171.563068,0.000095,0.000057,1.570408,1.572509,3.403290
11744,79200.000000,42170.800305,0.000097,0.000076,1.570407,1.572508,3.665689
11744,82800.000000,42170.116390,0.000099,0.000096,1.570407,1.572508,3.928080
11745,0.000000,42169.687822,0.000098,0.000113,1.570406,1.572508,4.190469
11745,3600.000000,42169.610563,0.000094,0.000128,1.570406,1.572508,4.452864
11745,7200.000000,42169.884546,0.000086,0.000142,1.570406,1.572508,4.715272
11745,10800.000000,42170.423990,0.000074,0.000155,1.570406,1.572508,4.977702
11745,14400.000000,42171.085576,0.000063,0.000169,1.570406,1.572509,5.240156
11745,18000.000000,42171.705481,0.000054,0.000182,1.570405,1.572510,5.502637
11745,21600.000000,42172.137044,0.000049,0.000191,1.570405,1.572510,5.765142
11745,25200.000000,42172.282078,0.000047,0.000194,1.570404,1.572511,6.027667
11745,28800.000000,42172.110604,0.000048,0.000190,1.570403,1.572511,0.007020
11745,32400.000000,42171.665989,0.000048,0.000179,1.570402,1.572511,0.269563
11745,36000.000000,42171.055051,0.000047,0.000164,1.570401,1.572511,0.532104
11745,39600.000000,42170.425253,0.000045,0.000147,1.570401,1.572510,0.794638
11745,43200.000000,42169.933164,0.000043,0.000130,1.570401,1.572510,1.057160
11745,46800.000000,42169.709624,0.000043,0.000114,1.570401,1.572510,1.319668
11745,50400.000000,42169.827645,0.000048,0.000099,1.570401,1.572510,1.582163
11745,54000.000000,42170.279358,0.000057,0.000084,1.570401,1.572511,1.844644
11745,57600.000000,42170.968572,0.000068,0.000069,1.570401,1.572511,2.107115
11745,61200.000000,42171.725243,0.000078,0.000053,1.570400,1.572512,2.369574
11745,64800.000000,42172.345023,0.000086,0.000041,1.570400,1.572512,2.632023
11745,68400.000000,42172.648552,0.000091,0.000035,1.570399,1.572512,2.894460
11745,72000.000000,42172.542752,0.000094,0.000038,1.570399,1.572512,3.156885
11745,75600.000000,42172.057031,0.000096,0.000049,1.570398,1.572512,3.419295
11745,79200.000000,42171.335638,0.000100,0.000066,1.570398,1.572512,3.681693
11745,82800.000000,42170.587602,0.000105,0.000085,1.570398,1.572512,3.944082
11746,0.000000,42170.017771,0.000108,0.000103,1.570398,1.572512,4.206467
11746,3600.000000,42169.767407,0.000108,0.000119,1.570398,1.572512,4.468856
11746,7200.000000,42169.882349,0.000104,0.000134,1.570398,1.572512,4.731257
11746,10800.000000,42170.311978,0.000096,0.000149,1.570398,1.572513,4.993677
11746,14400.000000,42170.932216,0.000086,0.000164,1.570398,1.572513,5.256123
11746,18000.000000,42171.582156,0.000078,0.000178,1.570398,1.572513,5.518595
11746,21600.000000,42172.104095,0.000073,0.000190,1.570397,1.572513,5.781094
11746,25200.000000,42172.378558,0.000071,0.000196,1.570397,1.572514,6.043616
11746,28800.000000,42172.348253,0.000071,0.000195,1.570397,1.572514,0.022968
11746,32400.000000,42172.027546,0.000070,0.000188,1.570397,1.572514,0.285514
11746,36000.000000,42171.496896,0.000068,0.000175,1.570397,1.572514,0.548061
11746,39600.000000,42170.884286,0.000065,0.000159,1.570397,1.572514,0.810602
11746,43200.000000,42170.337675,0.000060,0.000143,1.570397,1.572514,1.073131
11746,46800.000000,42169.993550,0.000058,0.000127,1.570397,1.572514,1.335646
11746,50400.000000,42169.946751,0.000058,0.000113,1.570397,1.572514,1.598144
11746,54000.000000,42170.226453,0.000062,0.000097,1.570397,1.572515,1.860628
11746,57600.000000,42170.782963,0.000070,0.000081,1.570397,1.572515,2.123098
11746,61200.000000,42171.490309,0.000078,0.000065,1.570397,1.572515,2.385555
11746,64800.000000,42172.169290,0.000084,0.000050,1.570397,1.572515,2.648000
11746,68400.000000,42172.631995,0.000089,0.000039,1.570397,1.572515,2.910434
11746,72000.000000,42172.739923,0.000091,0.000037,1.570398,1.572515,3.172855
11746,75600.000000,42172.454821,0.000094,0.000043,1.570398,1.572515,3.435264
11746,79200.000000,42171.858257,0.000099,0.000057,1.570399,1.572515,3.697661
11746,82800.000000,42171.126071,0.000106,0.000074,1.570400,1.572516,3.960049
11747,0.000000,42170.468134,0.000113,0.000091,1.570400,1.572516,4.222431
11747,3600.000000,42170.060631,0.000117,0.000108,1.570400,1.572517,4.484816
11747,7200.000000,42169.997419,0.000117,0.000123,1.570400,1.572517,4.747211
11747,10800.000000,42170.273155,0.000113,0.000138,1.570400,1.572517,5.009624
11747,14400.000000,42170.796246,0.000106,0.000154,1.570400,1.572518,5.272061
11747,18000.000000,42171.421537,0.000100,0.000169,1.570400,1.572518,5.534525
11747,21600.000000,42171.990736,0.000096,0.000183,1.570400,1.572518,5.797016
11747,25200.000000,42172.370262,0.000094,0.000192,1.570400,1.572517,6.059532
11747,28800.000000,42172.479133,0.000094,0.000194,1.570401,1.572517,0.038882
11747,32400.000000,42172.302800,0.000094,0.000190,1.570401,1.572517,0.301429
11747,36000.000000,42171.892026,0.000092,0.000180,1.570402,1.572518,0.563980
11747,39600.000000,42171.348764,0.000088,0.000167,1.570403,1.572518,0.826527
11747,43200.000000,42170.802965,0.000082,0.000152,1.570403,1.572519,1.089063
11747,46800.000000,42170.385201,0.000077,0.000138,1.570403,1.572520,1.351585
11747,50400.000000,42170.199812,0.000074,0.000124,1.570404,1.572521,1.614089
11747,54000.000000,42170.302416,0.000074,0.000109,1.570403,1.572521,1.876576
