11710,46800.000000,42166.030757,0.000029,0.000036,1.570830,1.574369,0.993683
11710,50400.000000,42166.464506,0.000040,0.000037,1.570832,1.574374,1.256204
11710,54000.000000,42166.686419,0.000045,0.000036,1.570833,1.574380,1.518723
11710,57600.000000,42166.640812,0.000044,0.000034,1.570833,1.574386,1.781238
11710,61200.000000,42166.353053,0.000037,0.000034,1.570831,1.574391,2.043747
11710,64800.000000,42165.913532,0.000025,0.000035,1.570828,1.574395,2.306248
11710,68400.000000,42165.443610,0.000012,0.000039,1.570825,1.574397,2.568741
11710,72000.000000,42165.060099,-0.000002,0.000042,1.570823,1.574398,2.831230
11710,75600.000000,42164.849148,-0.000016,0.000045,1.570822,1.574399,3.093715
11710,79200.000000,42164.852301,-0.000029,0.000046,1.570822,1.574399,3.356203
11710,82800.000000,42165.062925,-0.000042,0.000045,1.570823,1.574399,3.618696
11711,0.000000,42165.430542,-0.000056,0.000045,1.570825,1.574400,3.881197
11711,3600.000000,42165.871574,-0.000070,0.000044,1.570827,1.574403,4.143710
11711,7200.000000,42166.285521,-0.000081,0.000046,1.570828,1.574406,4.406235
11711,10800.000000,42166.575020,-0.000089,0.000048,1.570829,1.574410,4.668770
11711,14400.000000,42166.667002,-0.000091,0.000051,1.570829,1.574415,4.931312
11711,18000.000000,42166.530916,-0.000087,0.000052,1.570827,1.574419,5.193859
11711,21600.000000,42166.189601,-0.000078,0.000051,1.570825,1.574423,5.456405
11711,25200.000000,42165.718994,-0.000066,0.000047,1.570822,1.574425,5.718949
11711,28800.000000,42165.234768,-0.000052,0.000040,1.570819,1.574426,5.981487
11711,32400.000000,42164.866748,-0.000039,0.000034,1.570817,1.574427,6.244018
11711,36000.000000,42164.725360,-0.000025,0.000029,1.570817,1.574427,0.223358
11711,39600.000000,42164.867805,-0.000010,0.000027,1.570817,1.574427,0.485879
11711,43200.000000,42165.274314,0.000006,0.000028,1.570819,1.574428,0.748398
11711,46800.000000,42165.845099,0.000022,0.000029,1.570821,1.574431,1.010916
11711,50400.000000,42166.424340,0.000037,0.000029,1.570823,1.574435,1.273435
11711,54000.000000,42166.847492,0.000048,0.000028,1.570824,1.574441,1.535953
11711,57600.000000,42166.995693,0.000051,0.000027,1.570824,1.574447,1.798467
11711,61200.000000,42166.834447,0.000047,0.000028,1.570821,1.574452,2.060977
11711,64800.000000,42166.420280,0.000038,0.000031,1.570818,1.574457,2.323480
11711,68400.000000,42165.875802,0.000025,0.000037,1.570815,1.574459,2.585974
11711,72000.000000,42165.347966,0.000011,0.000045,1.570812,1.574461,2.848461
11711,75600.000000,42164.967246,-0.000003,0.000051,1.570810,1.574461,3.110944
11711,79200.000000,42164.818856,-0.000017,0.000056,1.570809,1.574461,3.373426
11711,82800.000000,42164.928998,-0.000031,0.000059,1.570810,1.574461,3.635912
11712,0.000000,42165.264550,-0.000046,0.000060,1.570811,1.574462,3.898406
11712,3600.000000,42165.743437,-0.000061,0.000061,1.570813,1.574464,4.160912
11712,7200.000000,42166.253057,-0.000075,0.000062,1.570814,1.574467,4.423431
11712,10800.000000,42166.673980,-0.000085,0.000065,1.570815,1.574471,4.685962
11712,14400.000000,42166.905345,-0.000091,0.000068,1.570815,1.574476,4.948503
11712,18000.000000,42166.887607,-0.000090,0.000069,1.570813,1.574480,5.211051
11712,21600.000000,42166.617939,-0.000083,0.000068,1.570810,1.574484,5.473601
11712,25200.000000,42166.154394,-0.000072,0.000062,1.570807,1.574486,5.736148
11712,28800.000000,42165.606563,-0.000060,0.000053,1.570804,1.574487,5.998690
11712,32400.000000,42165.113095,-0.000047,0.000043,1.570802,1.574488,6.261225
11712,36000.000000,42164.809286,-0.000034,0.000035,1.570800,1.574488,0.240566
11712,39600.000000,42164.790976,-0.000020,0.000029,1.570800,1.574488,0.503087
11712,43200.000000,42165.083514,-0.000005,0.000026,1.570801,1.574489,0.765604
11712,46800.000000,42165.626002,0.000013,0.000025,1.570803,1.574491,1.028119
11712,50400.000000,42166.279819,0.000030,0.000023,1.570805,1.574494,1.290635
11712,54000.000000,42166.864563,0.000045,0.000022,1.570805,1.574499,1.553150
11712,57600.000000,42167.213521,0.000053,0.000020,1.570805,1.574505,1.815663
11712,61200.000000,42167.228915,0.000053,0.000020,1.570803,1.574510,2.078173
11712,64800.000000,42166.913532,0.000047,0.000024,1.570799,1.574514,2.340676
11712,68400.000000,42166.365526,0.000036,0.000032,1.570796,1.574517,2.603172
11712,72000.000000,42165.741656,0.000023,0.000042,1.570792,1.574519,2.865659
11712,75600.000000,42165.207397,0.000010,0.000053,1.570790,1.574519,3.128139
11712,79200.000000,42164.892839,-0.000003,0.000062,1.570788,1.574519,3.390617
11712,82800.000000,42164.865111,-0.000017,0.000069,1.570788,1.574519,3.653097
11713,0.000000,42165.119470,-0.000031,0.000072,1.570789,1.574520,3.915584
11713,3600.000000,42165.586395,-0.000047,0.000075,1.570790,1.574522,4.178082
11713,7200.000000,42166.150592,-0.000063,0.000077,1.570791,1.574524,4.440593
11713,10800.000000,42166.677471,-0.000076,0.000081,1.570792,1.574528,4.703119
11713,14400.000000,42167.042431,-0.000085,0.000085,1.570791,1.574532,4.965657
11713,18000.000000,42167.157909,-0.000087,0.000087,1.570790,1.574536,5.228204
11713,21600.000000,42166.993250,-0.000083,0.000086,1.570787,1.574539,5.490756
11713,25200.000000,42166.583255,-0.000074,0.000080,1.570784,1.574542,5.753308
11713,28800.000000,42166.023040,-0.000064,0.000070,1.570781,1.574543,6.015854
11713,32400.000000,42165.449218,-0.000052,0.000058,1.570778,1.574544,6.278393
11713,36000.000000,42165.010037,-0.000041,0.000046,1.570776,1.574543,0.257738
11713,39600.000000,42164.829620,-0.000029,0.000036,1.570776,1.574543,0.520260
11713,43200.000000,42164.973578,-0.000014,0.000029,1.570776,1.574544,0.782777
11713,46800.000000,42165.424780,0.000002,0.000025,1.570777,1.574545,1.045290
11713,50400.000000,42166.078429,0.000021,0.000022,1.570778,1.574548,1.307802
11713,54000.000000,42166.763140,0.000038,0.000018,1.570779,1.574552,1.570314
11713,57600.000000,42167.287598,0.000050,0.000015,1.570778,1.574557,1.832825
11713,61200.000000,42167.500745,0.000055,0.000014,1.570776,1.574562,2.095333
11713,64800.000000,42167.342920,0.000052,0.000017,1.570773,1.574566,2.357836
11713,68400.000000,42166.865421,0.000044,0.000025,1.570769,1.574569,2.620332
11713,72000.000000,42166.210145,0.000033,0.000037,1.570765,1.574570,2.882819
11713,75600.000000,42165.560502,0.000022,0.000051,1.570762,1.574571,3.145298
11713,79200.000000,42165.085688,0.000011,0.000064,1.570760,1.574571,3.407773
11713,82800.000000,42164.897545,-0.000002,0.000074,1.570760,1.574570,3.670247
11714,0.000000,42165.029047,-0.000015,0.000081,1.570760,1.574571,3.932727
11714,3600.000000,42165.434422,-0.000031,0.000086,1.570761,1.574572,4.195217
11714,7200.000000,42166.006217,-0.000048,0.000090,1.570762,1.574574,4.457720
11714,10800.000000,42166.603195,-0.000062,0.000095,1.570762,1.574577,4.720239
11714,14400.000000,42167.082859,-0.000073,0.000100,1.570762,1.574581,4.982773
11714,18000.000000,42167.332559,-0.000078,0.000104,1.570760,1.574584,5.245318
11714,21600.000000,42167.293685,-0.000077,0.000104,1.570758,1.574588,5.507871
11714,25200.000000,42166.974576,-0.000071,0.000099,1.570755,1.574590,5.770425
11714,28800.000000,42166.449616,-0.000063,0.000089,1.570752,1.574591,6.032976
11714,32400.000000,42165.844366,-0.000053,0.000075,1.570749,1.574591,0.012335
11714,36000.000000,42165.309017,-0.000044,0.000061,1.570747,1.574591,0.274870
11714,39600.000000,42164.984646,-0.000034,0.000048,1.570746,1.574591,0.537395
11714,43200.000000,42164.968370,-0.000022,0.000038,1.570746,1.574591,0.799913
11714,46800.000000,42165.284651,-0.000007,0.000031,1.570746,1.574592,1.062425
11714,50400.000000,42165.870682,0.000011,0.000025,1.570747,1.574594,1.324935
11714,54000.000000,42166.583321,0.000028,0.000019,1.570748,1.574597,1.587443
11714,57600.000000,42167.231710,0.000043,0.000014,1.570747,1.574601,1.849951
11714,61200.000000,42167.631581,0.000052,0.000010,1.570745,1.574605,2.112457
11714,64800.000000,42167.665401,0.000053,0.000011,1.570742,1.574609,2.374959
11714,68400.000000,42167.324089,0.000049,0.000017,1.570739,1.574612,2.637455
11714,72000.000000,42166.710517,0.000041,0.000030,1.570735,1.574613,2.899941
11714,75600.000000,42166.002953,0.000032,0.000046,1.570732,1.574613,3.162420
11714,79200.000000,42165.396020,0.000023,0.000062,1.570729,1.574613,3.424892
11714,82800.000000,42165.043806,0.000013,0.000075,1.570728,1.574613,3.687361
11715,0.000000,42165.022989,0.000001,0.000086,1.570728,1.574613,3.949835
11715,3600.000000,42165.321835,-0.000013,0.000093,1.570729,1.574614,4.212317
11715,7200.000000,42165.851914,-0.000029,0.000100,1.570730,1.574615,4.474812
11715,10800.000000,42166.475292,-0.000045,0.000106,1.570730,1.574618,4.737323
11715,14400.000000,42167.039204,-0.000057,0.000113,1.570729,1.574621,4.999850
11715,18000.000000,42167.410738,-0.000064,0.000118,1.570728,1.574624,5.262392
11715,21600.000000,42167.505185,-0.000066,0.000120,1.570726,1.574627,5.524943
11715,25200.000000,42167.303241,-0.000062,0.000117,1.570723,1.574629,5.787499
11715,28800.000000,42166.854356,-0.000056,0.000108,1.570720,1.574630,6.050054
11715,32400.000000,42166.265936,-0.000048,0.000094,1.570718,1.574630,0.029418
11715,36000.000000,42165.680535,-0.000041,0.000079,1.570716,1.574630,0.291958
11715,39600.000000,42165.245106,-0.000033,0.000064,1.570714,1.574629,0.554489
11715,43200.000000,42165.077640,-0.000024,0.000052,1.570714,1.574629,0.817010
11715,46800.000000,42165.237186,-0.000012,0.000042,1.570715,1.574629,1.079524
11715,50400.000000,42165.703565,0.000003,0.000033,1.570715,1.574631,1.342032
11715,54000.000000,42166.373326,0.000019,0.000025,1.570715,1.574633,1.604538
11715,57600.000000,42167.077609,0.000035,0.000017,1.570715,1.574636,1.867043
11715,61200.000000,42167.623598,0.000046,0.000010,1.570713,1.574640,2.129546
11715,64800.000000,42167.852210,0.000051,0.000008,1.570711,1.574643,2.392046
11715,68400.000000,42167.693024,0.000051,0.000012,1.570707,1.574645,2.654540
11715,72000.000000,42167.192058,0.000046,0.000023,1.570704,1.574646,2.917026
11715,75600.000000,42166.497298,0.000040,0.000039,1.570701,1.574647,3.179503
11715,79200.000000,42165.807833,0.000033,0.000056,1.570699,1.574646,3.441973
11715,82800.000000,42165.309755,0.000026,0.000073,1.570698,1.574646,3.704440
11716,0.000000,42165.124029,0.000017,0.000086,1.570698,1.574646,3.966907
11716,3600.000000,42165.280808,0.000006,0.000096,1.570698,1.574646,4.229382
11716,7200.000000,42165.721672,-0.000009,0.000105,1.570698,1.574647,4.491868
11716,10800.000000,42166.323038,-0.000024,0.000113,1.570698,1.574649,4.754371
11716,14400.000000,42166.931195,-0.000037,0.000122,1.570698,1.574652,5.016890
11716,18000.000000,42167.399714,-0.000046,0.000129,1.570697,1.574654,5.279426
11716,21600.000000,42167.621617,-0.000049,0.000133,1.570695,1.574656,5.541974
11716,25200.000000,42167.550767,-0.000048,0.000132,1.570693,1.574658,5.804530
11716,28800.000000,42167.209457,-0.000044,0.000125,1.570690,1.574659,6.067088
11716,32400.000000,42166.681764,-0.000038,0.000113,1.570688,1.574659,0.046457
11716,36000.000000,42166.094684,-0.000033,0.000098,1.570686,1.574659,0.309004
11716,39600.000000,42165.590941,-0.000028,0.000082,1.570685,1.574658,0.571540
11716,43200.000000,42165.298338,-0.000021,0.000068,1.570685,1.574658,0.834066
11716,46800.000000,42165.300721,-0.000013,0.000056,1.570685,1.574658,1.096583
11716,50400.000000,42165.615487,-0.000001,0.000045,1.570685,1.574659,1.359093
11716,54000.000000,42166.182525,0.000013,0.000034,1.570686,1.574661,1.621598
11716,57600.000000,42166.869733,0.000028,0.000024,1.570685,1.574663,1.884100
11716,61200.000000,42167.499266,0.000040,0.000015,1.570684,1.574666,2.146600
11716,64800.000000,42167.894069,0.000047,0.000009,1.570682,1.574668,2.409097
11716,68400.000000,42167.934324,0.000049,0.000009,1.570679,1.574670,2.671589
11716,72000.000000,42167.602633,0.000048,0.000017,1.570677,1.574671,2.934073
11716,75600.000000,42166.995153,0.000044,0.000031,1.570674,1.574671,3.196550
11716,79200.000000,42166.290101,0.000040,0.000049,1.570673,1.574671,3.459018
11716,82800.000000,42165.687193,0.000037,0.000066,1.570672,1.574670,3.721482
11717,0.000000,42165.344875,0.000031,0.000082,1.570671,1.574670,3.983945
11717,3600.000000,42165.338560,0.000023,0.000094,1.570671,1.574670,4.246413
11717,7200.000000,42165.649271,0.000011,0.000105,1.570672,1.574671,4.508891
11717,10800.000000,42166.179266,-0.000002,0.000116,1.570672,1.574673,4.771385
11717,14400.000000,42166.784707,-0.000015,0.000126,1.570671,1.574675,5.033896
11717,18000.000000,42167.314319,-0.000024,0.000135,1.570670,1.574677,5.296424
11717,21600.000000,42167.644712,-0.000029,0.000142,1.570669,1.574678,5.558968
11717,25200.000000,42167.705742,-0.000029,0.000143,1.570667,1.574680,5.821522
11717,28800.000000,42167.492305,-0.000026,0.000139,1.570665,1.574680,6.084081
11717,32400.000000,42167.061875,-0.000022,0.000129,1.570664,1.574680,0.063454
11717,36000.000000,42166.519730,-0.000019,0.000115,1.570662,1.574680,0.326006
11717,39600.000000,42165.995634,-0.000016,0.000100,1.570662,1.574680,0.588549
11717,43200.000000,42165.616617,-0.000012,0.000085,1.570661,1.574680,0.851082
11717,46800.000000,42165.480369,-0.000007,0.000071,1.570662,1.574680,1.113604
11717,50400.000000,42165.633111,0.000001,0.000059,1.570662,1.574681,1.376117
11717,54000.000000,42166.055258,0.000012,0.000047,1.570662,1.574682,1.638622
11717,57600.000000,42166.658389,0.000024,0.000035,1.570662,1.574684,1.901123
11717,61200.000000,42167.297717,0.000035,0.000023,1.570661,1.574686,2.163620
11717,64800.000000,42167.803267,0.000043,0.000014,1.570659,1.574687,2.426114
11717,68400.000000,42168.027512,0.000047,0.000010,1.570658,1.574688,2.688603
11717,72000.000000,42167.896547,0.000047,0.000014,1.570656,1.574689,2.951085
11717,75600.000000,42167.442578,0.000045,0.000024,1.570654,1.574689,3.213560
11717,79200.000000,42166.798358,0.000044,0.000040,1.570653,1.574689,3.476028
11717,82800.000000,42166.152444,0.000043,0.000058,1.570652,1.574688,3.738489
11718,0.000000,42165.685338,0.000041,0.000075,1.570652,1.574688,4.000949
11718,3600.000000,42165.514305,0.000037,0.000089,1.570653,1.574689,4.263411
11718,7200.000000,42165.665738,0.000029,0.000101,1.570653,1.574689,4.525883
11718,10800.000000,42166.078536,0.000018,0.000113,1.570653,1.574691,4.788368
11718,14400.000000,42166.630592,0.000007,0.000125,1.570653,1.574692,5.050870
11718,18000.000000,42167.176312,-0.000001,0.000136,1.570652,1.574694,5.313390
11718,21600.000000,42167.583871,-0.000007,0.000145,1.570651,1.574695,5.575927
11718,25200.000000,42167.764071,-0.000008,0.000149,1.570649,1.574696,5.838477
11718,28800.000000,42167.686198,-0.000006,0.000148,1.570648,1.574696,6.101035
11718,32400.000000,42167.379787,-0.000003,0.000141,1.570647,1.574696,0.080411
11718,36000.000000,42166.924042,-0.000000,0.000129,1.570646,1.574696,0.342968
11718,39600.000000,42166.428590,0.000001,0.000115,1.570646,1.574696,0.605518
11718,43200.000000,42166.010130,0.000003,0.000100,1.570646,1.574696,0.868057
11718,46800.000000,42165.769178,0.000005,0.000087,1.570647,1.574697,1.130586
11718,50400.000000,42165.770071,0.000009,0.000074,1.570647,1.574697,1.393103
11718,54000.000000,42166.026293,0.000015,0.000061,1.570647,1.574699,1.655612
11718,57600.000000,42166.492881,0.000024,0.000048,1.570647,1.574700,1.918112
11718,61200.000000,42167.068614,0.000033,0.000035,1.570646,1.574701,2.180607
11718,64800.000000,42167.611978,0.000039,0.000024,1.570645,1.574702,2.443098
11718,68400.000000,42167.973741,0.000043,0.000016,1.570644,1.574703,2.705583
11718,72000.000000,42168.042388,0.000044,0.000014,1.570643,1.574703,2.968063
11718,75600.000000,42167.787440,0.000044,0.000020,1.570643,1.574703,3.230536
11718,79200.000000,42167.278663,0.000044,0.000033,1.570643,1.574703,3.493002
11718,82800.000000,42166.666539,0.000046,0.000049,1.570643,1.574703,3.755463
11719,0.000000,42166.130077,0.000047,0.000065,1.570643,1.574704,4.017920
11719,3600.000000,42165.816199,0.000046,0.000080,1.570643,1.574704,4.280379
11719,7200.000000,42165.796599,0.000042,0.000093,1.570644,1.574705,4.542844
11719,10800.000000,42166.055122,0.000036,0.000106,1.570644,1.574706,4.805322
11719,14400.000000,42166.503411,0.000028,0.000119,1.570643,1.574708,5.067815
11719,18000.000000,42167.013693,0.000020,0.000131,1.570643,1.574709,5.330327
11719,21600.000000,42167.455901,0.000016,0.000142,1.570642,1.574709,5.592857
11719,25200.000000,42167.729031,0.000015,0.000149,1.570641,1.574710,5.855401
11719,28800.000000,42167.780750,0.000016,0.000151,1.570641,1.574710,6.117957
11719,32400.000000,42167.613354,0.000019,0.000147,1.570640,1.574710,0.097332
11719,36000.000000,42167.277466,0.000021,0.000138,1.570640,1.574710,0.359893
11719,39600.000000,42166.857057,0.000022,0.000126,1.570641,1.574710,0.622448
11719,43200.000000,42166.450247,0.000022,0.000113,1.570641,1.574711,0.884995
11719,46800.000000,42166.149969,0.000022,0.000100,1.570642,1.574712,1.147530
11719,50400.000000,42166.027263,0.000022,0.000087,1.570642,1.574713,1.410054
11719,54000.000000,42166.118380,0.000025,0.000075,1.570642,1.574714,1.672566
11719,57600.000000,42166.415981,0.000029,0.000062,1.570642,1.574716,1.935069
11719,61200.000000,42166.865207,0.000034,0.000049,1.570641,1.574717,2.197563
11719,64800.000000,42167.367437,0.000038,0.000036,1.570641,1.574717,2.460050
11719,68400.000000,42167.796310,0.000041,0.000025,1.570640,1.574718,2.722532
11719,72000.000000,42168.028977,0.000042,0.000020,1.570640,1.574718,2.985008
11719,75600.000000,42167.987444,0.000041,0.000021,1.570641,1.574718,3.247479
11719,79200.000000,42167.673617,0.000042,0.000028,1.570642,1.574718,3.509943
11719,82800.000000,42167.177228,0.000044,0.000041,1.570643,1.574718,3.772403
11720,0.000000,42166.647221,0.000047,0.000055,1.570644,1.574719,4.034859
11720,3600.000000,42166.238402,0.000049,0.000069,1.570644,1.574721,4.297316
11720,7200.000000,42166.058991,0.000050,0.000083,1.570645,1.574722,4.559778
11720,10800.000000,42166.140991,0.000048,0.000096,1.570645,1.574724,4.822250
11720,14400.000000,42166.440375,0.000043,0.000109,1.570645,1.574725,5.084736
11720,18000.000000,42166.860363,0.000039,0.000122,1.570644,1.574726,5.347239
11720,21600.000000,42167.285053,0.000036,0.000133,1.570643,1.574726,5.609760
11720,25200.000000,42167.611470,0.000036,0.000142,1.570643,1.574726,5.872298
11720,28800.000000,42167.772157,0.000038,0.000147,1.570643,1.574727,6.134849
11720,32400.000000,42167.745140,0.000041,0.000146,1.570643,1.574727,0.114223
11720,36000.000000,42167.551980,0.000044,0.000141,1.570644,1.574727,0.376785
11720,39600.000000,42167.247222,0.000045,0.000132,1.570645,1.574727,0.639344
11720,43200.000000,42166.903610,0.000044,0.000121,1.570646,1.574728,0.901897
11720,46800.000000,42166.597065,0.000043,0.000109,1.570647,1.574730,1.164440
11720,50400.000000,42166.394003,0.000041,0.000098,1.570647,1.574731,1.426971
11720,54000.000000,42166.341658,0.000040,0.000086,1.570647,1.574733,1.689488
11720,57600.000000,42166.460593,0.000040,0.000074,1.570647,1.574735,1.951994
11720,61200.000000,42166.738474,0.000041,0.000062,1.570646,1.574736,2.214488
11720,64800.000000,42167.125881,0.000041,0.000049,1.570646,1.574737,2.476974
11720,68400.000000,42167.538046,0.000041,0.000038,1.570646,1.574737,2.739452
11720,72000.000000,42167.868436,0.000040,0.000029,1.570646,1.574736,3.001924
11720,75600.000000,42168.017405,0.000038,0.000026,1.570647,1.574736,3.264390
11720,79200.000000,42167.929590,0.000037,0.000028,1.570649,1.574737,3.526852
11720,82800.000000,42167.622571,0.000038,0.000036,1.570651,1.574738,3.789311
11721,0.000000,42167.187651,0.000042,0.000047,1.570653,1.574740,4.051767
11721,3600.000000,42166.757793,0.000046,0.000060,1.570654,1.574742,4.314223
11721,7200.000000,42166.458081,0.000050,0.000072,1.570655,1.574744,4.576683
11721,10800.000000,42166.363407,0.000052,0.000084,1.570655,1.574746,4.839152
11721,14400.000000,42166.480560,0.000053,0.000096,1.570655,1.574748,5.101632
11721,18000.000000,42166.756604,0.000052,0.000108,1.570654,1.574749,5.364129
11721,21600.000000,42167.104165,0.000052,0.000120,1.570654,1.574749,5.626642
11721,25200.000000,42167.431025,0.000054,0.000130,1.570653,1.574749,5.889172
11721,28800.000000,42167.664122,0.000057,0.000137,1.570654,1.574749,6.151717
11721,32400.000000,42167.762942,0.000061,0.000139,1.570654,1.574749,0.131087
11721,36000.000000,42167.721884,0.000065,0.000137,1.570656,1.574750,0.393648
11721,39600.000000,42167.564303,0.000067,0.000131,1.570657,1.574751,0.656210
11721,43200.000000,42167.332393,0.000068,0.000123,1.570659,1.574752,0.918768
11721,46800.000000,42167.076827,0.000066,0.000114,1.570660,1.574754,1.181317
11721,50400.000000,42166.848615,0.000063,0.000104,1.570661,1.574757,1.443854
11721,54000.000000,42166.693591,0.000059,0.000094,1.570661,1.574759,1.706378
11721,57600.000000,42166.648028,0.000055,0.000084,1.570660,1.574761,1.968888
11721,61200.000000,42166.733132,0.000052,0.000074,1.570659,1.574763,2.231384
11721,64800.000000,42166.947227,0.000048,0.000063,1.570658,1.574763,2.493868
11721,68400.000000,42167.257511,0.000045,0.000052,1.570658,1.574763,2.756343
11721,72000.000000,42167.597184,0.000040,0.000043,1.570659,1.574763,3.018810
11721,75600.000000,42167.875633,0.000036,0.000036,1.570661,1.574763,3.281273
11721,79200.000000,42168.005109,0.000033,0.000034,1.570663,1.574764,3.543731
11721,82800.000000,42167.936391,0.000031,0.000037,1.570666,1.574766,3.806187
11722,0.000000,42167.684900,0.000033,0.000044,1.570669,1.574768,4.068643
11722,3600.000000,42167.329381,0.000037,0.000053,1.570671,1.574772,4.331100
11722,7200.000000,42166.981105,0.000043,0.000063,1.570671,1.574775,4.593560
11722,10800.000000,42166.740407,0.000049,0.000073,1.570671,1.574778,4.856027
11722,14400.000000,42166.663136,0.000054,0.000083,1.570671,1.574780,5.118505
11722,18000.000000,42166.749992,0.000058,0.000094,1.570670,1.574781,5.380997
11722,21600.000000,42166.957372,0.000062,0.000104,1.570669,1.574782,5.643503
11722,25200.000000,42167.219534,0.000066,0.000114,1.570669,1.574782,5.906026
11722,28800.000000,42167.471008,0.000071,0.000121,1.570670,1.574782,6.168564
11722,32400.000000,42167.662053,0.000077,0.000126,1.570671,1.574782,0.147928
11722,36000.000000,42167.764918,0.000083,0.000127,1.570673,1.574783,0.410486
11722,39600.000000,42167.772568,0.000087,0.000124,1.570675,1.574784,0.673048
11722,43200.000000,42167.693506,0.000089,0.000119,1.570676,1.574786,0.935608
11722,46800.000000,42167.546414,0.000089,0.000112,1.570678,1.574789,1.198163
11722,50400.000000,42167.356998,0.000086,0.000104,1.570679,1.574792,1.460707
11722,54000.000000,42167.157308,0.000081,0.000096,1.570679,1.574795,1.723237
11722,57600.000000,42166.985658,0.000075,0.000089,1.570678,1.574798,1.985752
11722,61200.000000,42166.884058,0.000068,0.000082,1.570677,1.574800,2.248251
11722,64800.000000,42166.890410,0.000060,0.000074,1.570675,1.574801,2.510736
11722,68400.000000,42167.025140,0.000053,0.000067,1.570675,1.574801,2.773208
11722,72000.000000,42167.276178,0.000045,0.000059,1.570675,1.574801,3.035670
11722,75600.000000,42167.590544,0.000038,0.000052,1.570677,1.574801,3.298127
11722,79200.000000,42167.881965,0.000031,0.000046,1.570680,1.574802,3.560580
11722,82800.000000,42168.058056,0.000026,0.000045,1.570683,1.574804,3.823033
11723,0.000000,42168.058060,0.000023,0.000047,1.570686,1.574808,4.085487
11723,3600.000000,42167.881140,0.000025,0.000052,1.570689,1.574812,4.347944
11723,7200.000000,42167.587422,0.000031,0.000059,1.570690,1.574816,4.610406
11723,10800.000000,42167.270899,0.000039,0.000066,1.570690,1.574820,4.872875
11723,14400.000000,42167.021078,0.000047,0.000074,1.570689,1.574824,5.135353
11723,18000.000000,42166.894001,0.000055,0.000081,1.570687,1.574826,5.397842
11723,21600.000000,42166.903022,0.000063,0.000088,1.570686,1.574827,5.660344
11723,25200.000000,42167.026720,0.000070,0.000096,1.570686,1.574827,5.922860
11723,28800.000000,42167.224566,0.000078,0.000102,1.570686,1.574827,6.185390
11723,32400.000000,42167.451518,0.000086,0.000108,1.570687,1.574827,0.164748
11723,36000.000000,42167.666972,0.000094,0.000110,1.570689,1.574828,0.427301
11723,39600.000000,42167.837918,0.000102,0.000111,1.570692,1.574829,0.689861
11723,43200.000000,42167.938903,0.000107,0.000108,1.570694,1.574832,0.952421
11723,46800.000000,42167.952035,0.000110,0.000104,1.570696,1.574835,1.214979
11723,50400.000000,42167.869254,0.000109,0.000099,1.570696,1.574839,1.477528
11723,54000.000000,42167.697020,0.000105,0.000093,1.570696,1.574843,1.740064
11723,57600.000000,42167.461380,0.000097,0.000088,1.570695,1.574846,2.002585
11723,61200.000000,42167.209861,0.000088,0.000085,1.570693,1.574849,2.265089
11723,64800.000000,42167.006396,0.000077,0.000081,1.570692,1.574851,2.527575
11723,68400.000000,42166.917209,0.000067,0.000078,1.570690,1.574852,2.790046
11723,72000.000000,42166.989145,0.000056,0.000074,1.570690,1.574852,3.052504
11723,75600.000000,42167.226927,0.000045,0.000069,1.570691,1.574852,3.314955
11723,79200.000000,42167.580109,0.000035,0.000063,1.570694,1.574853,3.577401
11723,82800.000000,42167.950610,0.000025,0.000059,1.570697,1.574855,3.839849
11724,0.000000,42168.224076,0.000017,0.000058,1.570701,1.574858,4.102300
11724,3600.000000,42168.314096,0.000014,0.000059,1.570703,1.574864,4.364756
11724,7200.000000,42168.196909,0.000016,0.000063,1.570705,1.574869,4.627220
11724,10800.000000,42167.917419,0.000023,0.000067,1.570704,1.574875,4.889691
11724,14400.000000,42167.565371,0.000033,0.000070,1.570703,1.574879,5.152171
11724,18000.000000,42167.238363,0.000044,0.000073,1.570701,1.574882,5.414660
11724,21600.000000,42167.011685,0.000056,0.000076,1.570699,1.574884,5.677160
11724,25200.000000,42166.924906,0.000066,0.000080,1.570698,1.574885,5.939672
11724,28800.000000,42166.983139,0.000077,0.000083,1.570698,1.574885,6.202197
11724,32400.000000,42167.165338,0.000088,0.000087,1.570699,1.574885,0.181547
11724,36000.000000,42167.433034,0.000099,0.000090,1.570700,1.574885,0.444094
11724,39600.000000,42167.736820,0.000109,0.000092,1.570703,1.574887,0.706648
11724,43200.000000,42168.021324,0.000118,0.000092,1.570705,1.574890,0.969206
11724,46800.000000,42168.230895,0.000125,0.000090,1.570707,1.574893,1.231763
11724,50400.000000,42168.317727,0.000128,0.000087,1.570708,1.574898,1.494316
11724,54000.000000,42168.252430,0.000126,0.000083,1.570708,1.574902,1.756857
11724,57600.000000,42168.034874,0.000120,0.000081,1.570706,1.574906,2.019384
11724,61200.000000,42167.701549,0.000110,0.000080,1.570704,1.574910,2.281893
11724,64800.000000,42167.325092,0.000098,0.000081,1.570701,1.574912,2.544383
11724,68400.000000,42167.002742,0.000085,0.000084,1.570699,1.574913,2.806854
11724,72000.000000,42166.833217,0.000072,0.000085,1.570698,1.574914,3.069310
11724,75600.000000,42166.885940,0.000060,0.000085,1.570698,1.574914,3.331755
11724,79200.000000,42167.171629,0.000046,0.000082,1.570700,1.574914,3.594195
11724,82800.000000,42167.627142,0.000032,0.000078,1.570703,1.574916,3.856635
11725,0.000000,42168.126369,0.000019,0.000075,1.570706,1.574920,4.119080
11725,3600.000000,42168.519625,0.000009,0.000074,1.570709,1.574925,4.381533
11725,7200.000000,42168.688033,0.000005,0.000074,1.570710,1.574931,4.643997
11725,10800.000000,42168.587192,0.000007,0.000076,1.570710,1.574938,4.906471
11725,14400.000000,42168.258298,0.000016,0.000076,1.570708,1.574944,5.168954
11725,18000.000000,42167.804601,0.000028,0.000074,1.570705,1.574948,5.431447
11725,21600.000000,42167.350457,0.000041,0.000072,1.570702,1.574951,5.693948
11725,25200.000000,42167.004283,0.000055,0.000069,1.570700,1.574952,5.956458
11725,28800.000000,42166.836902,0.000068,0.000068,1.570699,1.574952,6.218978
11725,32400.000000,42166.874973,0.000080,0.000068,1.570699,1.574952,0.198322
11725,36000.000000,42167.103695,0.000093,0.000069,1.570700,1.574952,0.460861
11725,39600.000000,42167.473660,0.000107,0.000071,1.570702,1.574954,0.723408
11725,43200.000000,42167.909811,0.000120,0.000071,1.570704,1.574956,0.985960
11725,46800.000000,42168.322769,0.000131,0.000071,1.570706,1.574960,1.248515
11725,50400.000000,42168.623192,0.000139,0.000069,1.570707,1.574965,1.511067
11725,54000.000000,42168.738697,0.000141,0.000066,1.570707,1.574970,1.773612
11725,57600.000000,42168.631032,0.000138,0.000065,1.570705,1.574974,2.036144
11725,61200.000000,42168.309581,0.000130,0.000067,1.570702,1.574978,2.298659
11725,64800.000000,42167.836667,0.000119,0.000072,1.570699,1.574981,2.561154
11725,68400.000000,42167.320752,0.000106,0.000079,1.570696,1.574982,2.823628
11725,72000.000000,42166.895818,0.000093,0.000087,1.570694,1.574983,3.086084
11725,75600.000000,42166.688648,0.000079,0.000093,1.570693,1.574983,3.348526
11725,79200.000000,42166.780307,0.000065,0.000096,1.570694,1.574983,3.610959
11725,82800.000000,42167.172900,0.000049,0.000095,1.570695,1.574984,3.873391
11726,0.000000,42167.775783,0.000032,0.000094,1.570698,1.574987,4.135828
11726,3600.000000,42168.423214,0.000015,0.000092,1.570700,1.574992,4.398276
11726,7200.000000,42168.924619,0.000003,0.000092,1.570701,1.574999,4.660737
11726,10800.000000,42169.130990,-0.000002,0.000092,1.570701,1.575006,4.923211
11726,14400.000000,42168.987640,0.000001,0.000090,1.570699,1.575012,5.185698
11726,18000.000000,42168.548142,0.000011,0.000085,1.570695,1.575017,5.448195
11726,21600.000000,42167.946547,0.000024,0.000078,1.570691,1.575020,5.710699
11726,25200.000000,42167.347156,0.000038,0.000068,1.570688,1.575022,5.973211
11726,28800.000000,42166.896486,0.000051,0.000060,1.570685,1.575023,6.235729
11726,32400.000000,42166.691929,0.000065,0.000054,1.570684,1.575023,0.215068
11726,36000.000000,42166.768923,0.000079,0.000051,1.570685,1.575023,0.477599
11726,39600.000000,42167.101928,0.000094,0.000050,1.570686,1.575024,0.740137
11726,43200.000000,42167.614309,0.000110,0.000050,1.570688,1.575026,1.002681
11726,46800.000000,42168.194281,0.000126,0.000049,1.570690,1.575029,1.265230
11726,50400.000000,42168.715507,0.000139,0.000047,1.570690,1.575034,1.527779
11726,54000.000000,42169.060747,0.000147,0.000044,1.570690,1.575038,1.790323
11726,57600.000000,42169.145815,0.000149,0.000043,1.570688,1.575043,2.052858
11726,61200.000000,42168.939746,0.000144,0.000046,1.570685,1.575047,2.315378
11726,64800.000000,42168.476542,0.000136,0.000053,1.570682,1.575050,2.577879
11726,68400.000000,42167.854394,0.000124,0.000064,1.570678,1.575052,2.840359
11726,72000.000000,42167.219993,0.000113,0.000077,1.570675,1.575053,3.102818
11726,75600.000000,42166.738381,0.000101,0.000090,1.570673,1.575052,3.365260
11726,79200.000000,42166.552323,0.000088,0.000099,1.570672,1.575052,3.627689
11726,82800.000000,42166.739332,0.000072,0.000105,1.570673,1.575053,3.890115
11727,0.000000,42167.278500,0.000054,0.000107,1.570675,1.575055,4.152544
11727,3600.000000,42168.041594,0.000033,0.000108,1.570676,1.575059,4.414984
11727,7200.000000,42168.819869,0.000014,0.000109,1.570677,1.575064,4.677438
11727,10800.000000,42169.386121,0.000001,0.000110,1.570677,1.575070,4.939910
11727,14400.000000,42169.572381,-0.000004,0.000109,1.570674,1.575077,5.202398
11727,18000.000000,42169.329283,-0.000001,0.000104,1.570670,1.575082,5.464898
11727,21600.000000,42168.738752,0.000008,0.000093,1.570666,1.575086,5.727408
11727,25200.000000,42167.977301,0.000020,0.000079,1.570661,1.575088,5.989923
11727,28800.000000,42167.252829,0.000033,0.000063,1.570658,1.575089,6.252442
11727,32400.000000,42166.744323,0.000045,0.000050,1.570656,1.575088,0.231778
11727,36000.000000,42166.562467,0.000058,0.000040,1.570655,1.575088,0.494303
11727,39600.000000,42166.734426,0.000073,0.000035,1.570656,1.575089,0.756832
11727,43200.000000,42167.207998,0.000090,0.000031,1.570657,1.575090,1.019366
11727,46800.000000,42167.868962,0.000109,0.000028,1.570658,1.575093,1.281905
11727,50400.000000,42168.566821,0.000126,0.000025,1.570659,1.575097,1.544446
11727,54000.000000,42169.145142,0.000139,0.000021,1.570658,1.575101,1.806986
11727,57600.000000,42169.472571,0.000147,0.000019,1.570657,1.575105,2.069521
11727,61200.000000,42169.470034,0.000147,0.000020,1.570654,1.575109,2.332044
11727,64800.000000,42169.129339,0.000143,0.000026,1.570650,1.575112,2.594550
11727,68400.000000,42168.519007,0.000135,0.000039,1.570646,1.575114,2.857037
11727,72000.000000,42167.774773,0.000126,0.000055,1.570643,1.575114,3.119502
11727,75600.000000,42167.074588,0.000117,0.000073,1.570640,1.575114,3.381948
11727,79200.000000,42166.600801,0.000107,0.000089,1.570639,1.575113,3.644378
11727,82800.000000,42166.495257,0.000095,0.000101,1.570639,1.575113,3.906801
11728,0.000000,42166.816282,0.000079,0.000109,1.570639,1.575114,4.169224
11728,3600.000000,42167.509659,0.000059,0.000114,1.570640,1.575116,4.431656
11728,7200.000000,42168.407318,0.000037,0.000119,1.570641,1.575120,4.694104
11728,10800.000000,42169.264033,0.000017,0.000124,1.570640,1.575125,4.956570
11728,14400.000000,42169.829811,0.000003,0.000126,1.570638,1.575131,5.219055
11728,18000.000000,42169.935467,-0.000002,0.000124,1.570634,1.575136,5.481556
11728,21600.000000,42169.553839,0.000001,0.000114,1.570630,1.575139,5.744069
11728,25200.000000,42168.806356,0.000008,0.000098,1.570625,1.575142,6.006589
11728,28800.000000,42167.913982,0.000017,0.000078,1.570621,1.575142,6.269111
11728,32400.000000,42167.120359,0.000025,0.000058,1.570618,1.575142,0.248447
11728,36000.000000,42166.621517,0.000035,0.000041,1.570617,1.575141,0.510968
11728,39600.000000,42166.522827,0.000047,0.000029,1.570616,1.575141,0.773490
11728,43200.000000,42166.826566,0.000062,0.000021,1.570617,1.575142,1.036013
11728,46800.000000,42167.443688,0.000081,0.000015,1.570618,1.575144,1.298540
11728,50400.000000,42168.221289,0.000101,0.000009,1.570618,1.575146,1.561070
11728,54000.000000,42168.978379,0.000118,0.000002,1.570618,1.575150,1.823602
11728,57600.000000,42169.543742,0.000130,-0.000003,1.570616,1.575153,2.086131
11728,61200.000000,42169.790293,0.000136,-0.000005,1.570614,1.575156,2.348653
11728,64800.000000,42169.660725,0.000136,-0.000001,1.570611,1.575159,2.611162
11728,68400.000000,42169.180197,0.000132,0.000009,1.570607,1.575160,2.873655
11728,72000.000000,42168.453488,0.000127,0.000026,1.570604,1.575161,3.136128
11728,75600.000000,42167.646288,0.000122,0.000046,1.570601,1.575160,3.398581
11728,79200.000000,42166.952774,0.000117,0.000066,1.570599,1.575160,3.661017
11728,82800.000000,42166.553900,0.000110,0.000083,1.570599,1.575159,3.923443
11729,0.000000,42166.572927,0.000099,0.000096,1.570599,1.575159,4.185865
11729,3600.000000,42167.036892,0.000083,0.000107,1.570599,1.575160,4.448292
11729,7200.000000,42167.855003,0.000062,0.000116,1.570599,1.575163,4.710733
11729,10800.000000,42168.826180,0.000040,0.000126,1.570599,1.575166,4.973192
11729,14400.000000,42169.684426,0.000021,0.000133,1.570597,1.575170,5.235672
11729,18000.000000,42170.177846,0.000009,0.000137,1.570594,1.575173,5.498171
11729,21600.000000,42170.156393,0.000004,0.000133,1.570591,1.575176,5.760686
11729,25200.000000,42169.628748,0.000005,0.000120,1.570587,1.575178,6.023209
11729,28800.000000,42168.758318,0.000008,0.000099,1.570583,1.575179,0.002549
11729,32400.000000,42167.801020,0.000012,0.000076,1.570580,1.575178,0.265073
11729,36000.000000,42167.017827,0.000016,0.000054,1.570578,1.575178,0.527593
11729,39600.000000,42166.600075,0.000023,0.000036,1.570577,1.575177,0.790110
11729,43200.000000,42166.628859,0.000034,0.000023,1.570577,1.575177,1.052625
11729,46800.000000,42167.070246,0.000050,0.000012,1.570578,1.575178,1.315140
11729,50400.000000,42167.797288,0.000068,0.000003,1.570578,1.575180,1.577657
11729,54000.000000,42168.627547,0.000087,-0.000007,1.570578,1.575182,1.840176
11729,57600.000000,42169.366309,0.000102,-0.000016,1.570576,1.575184,2.102695
11729,61200.000000,42169.847623,0.000112,-0.000022,1.570575,1.575187,2.365211
11729,64800.000000,42169.966894,0.000116,-0.000023,1.570572,1.575188,2.627719
11729,68400.000000,42169.700430,0.000115,-0.000016,1.570570,1.575190,2.890215
11729,72000.000000,42169.109304,0.000113,-0.000002,1.570567,1.575190,3.152694
11729,75600.000000,42168.327231,0.000112,0.000017,1.570565,1.575190,3.415156
11729,79200.000000,42167.534502,0.000111,0.000038,1.570563,1.575189,3.677601
11729,82800.000000,42166.921908,0.000109,0.000057,1.570562,1.575188,3.940034
11730,0.000000,42166.649911,0.000105,0.000074,1.570562,1.575188,4.202460
11730,3600.000000,42166.809264,0.000095,0.000089,1.570562,1.575188,4.464888
11730,7200.000000,42167.390481,0.000080,0.000102,1.570562,1.575190,4.727326
11730,10800.000000,42168.271329,0.000060,0.000115,1.570562,1.575191,4.989780
11730,14400.000000,42169.232671,0.000041,0.000128,1.570561,1.575194,5.252255
11730,18000.000000,42170.009506,0.000026,0.000138,1.570559,1.575196,5.514750
11730,21600.000000,42170.371197,0.000016,0.000142,1.570557,1.575198,5.777262
11730,25200.000000,42170.204487,0.000012,0.000136,1.570554,1.575199,6.039786
11730,28800.000000,42169.559930,0.000010,0.000120,1.570552,1.575199,0.019130
11730,32400.000000,42168.634831,0.000009,0.000098,1.570550,1.575199,0.281657
11730,36000.000000,42167.700455,0.000008,0.000075,1.570548,1.575198,0.544180
11730,39600.000000,42167.010454,0.000008,0.000053,1.570548,1.575197,0.806695
11730,43200.000000,42166.729278,0.000013,0.000036,1.570547,1.575197,1.069204
11730,46800.000000,42166.899962,0.000023,0.000022,1.570548,1.575198,1.331710
11730,50400.000000,42167.450028,0.000037,0.000009,1.570548,1.575199,1.594215
11730,54000.000000,42168.223597,0.000054,-0.000004,1.570547,1.575200,1.856720
11730,57600.000000,42169.026090,0.000069,-0.000017,1.570547,1.575201,2.119227
11730,61200.000000,42169.670192,0.000080,-0.000027,1.570546,1.575203,2.381732
11730,64800.000000,42170.014683,0.000086,-0.000033,1.570544,1.575204,2.644234
11730,68400.000000,42169.990519,0.000088,-0.000031,1.570543,1.575204,2.906727
11730,72000.000000,42169.611227,0.000089,-0.000022,1.570541,1.575205,3.169210
11730,75600.000000,42168.967271,0.000089,-0.000007,1.570540,1.575204,3.431678
11730,79200.000000,42168.206462,0.000091,0.000012,1.570539,1.575204,3.694133
11730,82800.000000,42167.504283,0.000094,0.000032,1.570538,1.575204,3.956575
11731,0.000000,42167.028902,0.000095,0.000050,1.570538,1.575204,4.219010
11731,3600.000000,42166.905799,0.000092,0.000066,1.570538,1.575204,4.481444
11731,7200.000000,42167.186897,0.000083,0.000081,1.570539,1.575205,4.743884
11731,10800.000000,42167.829651,0.000070,0.000096,1.570538,1.575206,5.006337
11731,14400.000000,42168.693259,0.000055,0.000112,1.570538,1.575207,5.268808
11731,18000.000000,42169.560404,0.000041,0.000128,1.570537,1.575208,5.531298
11731,21600.000000,42170.189612,0.000030,0.000139,1.570536,1.575208,5.793807
11731,25200.000000,42170.390686,0.000024,0.000141,1.570535,1.575209,6.056330
11731,28800.000000,42170.096640,0.000020,0.000134,1.570534,1.575209,0.035674
11731,32400.000000,42169.395588,0.000016,0.000118,1.570534,1.575209,0.298205
11731,36000.000000,42168.501358,0.000010,0.000096,1.570533,1.575208,0.560730
11731,39600.000000,42167.675827,0.000006,0.000075,1.570533,1.575208,0.823247
11731,43200.000000,42167.141347,0.000003,0.000056,1.570533,1.575209,1.085755
11731,46800.000000,42167.019371,0.000006,0.000040,1.570533,1.575209,1.348256
11731,50400.000000,42167.310566,0.000015,0.000025,1.570534,1.575210,1.610751
11731,54000.000000,42167.911615,0.000027,0.000010,1.570533,1.575210,1.873244
11731,57600.000000,42168.654531,0.000039,-0.000005,1.570533,1.575211,2.135737
11731,61200.000000,42169.353649,0.000049,-0.000019,1.570532,1.575212,2.398230
11731,64800.000000,42169.848785,0.000056,-0.000028,1.570532,1.575212,2.660722
11731,68400.000000,42170.036969,0.000059,-0.000032,1.570531,1.575213,2.923209
11731,72000.000000,42169.888897,0.000059,-0.000029,1.570531,1.575213,3.185690
11731,75600.000000,42169.449466,0.000061,-0.000018,1.570531,1.575213,3.448161
11731,79200.000000,42168.824444,0.000063,-0.000003,1.570531,1.575213,3.710623
11731,82800.000000,42168.157155,0.000068,0.000014,1.570531,1.575213,3.973074
11732,0.000000,42167.599892,0.000072,0.000031,1.570531,1.575213,4.235519
11732,3600.000000,42167.284477,0.000074,0.000047,1.570531,1.575214,4.497962
11732,7200.000000,42167.295546,0.000073,0.000062,1.570531,1.575215,4.760409
11732,10800.000000,42167.649446,0.000067,0.000077,1.570531,1.575215,5.022864
11732,14400.000000,42168.282225,0.000058,0.000094,1.570531,1.575216,5.285335
11732,18000.000000,42169.052075,0.000049,0.000111,1.570531,1.575216,5.547822
11732,21600.000000,42169.763199,0.000041,0.000126,1.570531,1.575216,5.810327
11732,25200.000000,42170.214752,0.000035,0.000135,1.570531,1.575216,6.072847
11732,28800.000000,42170.266435,0.000032,0.000136,1.570532,1.575216,0.052190
11732,32400.000000,42169.895515,0.000027,0.000128,1.570533,1.575216,0.314722
11732,36000.000000,42169.213684,0.000021,0.000113,1.570534,1.575217,0.577250
11732,39600.000000,42168.429343,0.000014,0.000095,1.570535,1.575218,0.839771
11732,43200.000000,42167.772234,0.000007,0.000077,1.570535,1.575219,1.102280
11732,46800.000000,42167.417080,0.000004,0.000060,1.570536,1.575220,1.364779
11732,50400.000000,42167.436993,0.000006,0.000045,1.570536,1.575221,1.627270
11732,54000.000000,42167.796677,0.000011,0.000030,1.570536,1.575221,1.889755
11732,57600.000000,42168.377568,0.000019,0.000015,1.570535,1.575222,2.152237
11732,61200.000000,42169.019577,0.000026,-0.000000,1.570535,1.575222,2.414717
11732,64800.000000,42169.564876,0.000031,-0.000013,1.570535,1.575222,2.677197
11732,68400.000000,42169.893371,0.000033,-0.000021,1.570535,1.575222,2.939675
11732,72000.000000,42169.944252,0.000033,-0.000022,1.570536,1.575222,3.202150
11732,75600.000000,42169.722141,0.000033,-0.000017,1.570536,1.575222,3.464620
11732,79200.000000,42169.289610,0.000035,-0.000006,1.570537,1.575223,3.727084
11732,82800.000000,42168.749906,0.000039,0.000007,1.570538,1.575223,3.989542
11733,0.000000,42168.224591,0.000045,0.000022,1.570539,1.575224,4.251996
11733,3600.000000,42167.830414,0.000050,0.000036,1.570539,1.575226,4.514448
11733,7200.000000,42167.658398,0.000053,0.000049,1.570540,1.575227,4.776902
11733,10800.000000,42167.756696,0.000053,0.000063,1.570539,1.575228,5.039364
11733,14400.000000,42168.118044,0.000051,0.000078,1.570539,1.575229,5.301837
11733,18000.000000,42168.673687,0.000048,0.000094,1.570539,1.575229,5.564324
11733,21600.000000,42169.298159,0.000044,0.000109,1.570539,1.575229,5.826827
11733,25200.000000,42169.831107,0.000042,0.000122,1.570540,1.575229,6.089343
11733,28800.000000,42170.119064,0.000041,0.000129,1.570542,1.575229,0.068684
11733,32400.000000,42170.068704,0.000039,0.000128,1.570544,1.575229,0.331215
11733,36000.000000,42169.688838,0.000035,0.000120,1.570546,1.575230,0.593744
11733,39600.000000,42169.095455,0.000029,0.000107,1.570548,1.575232,0.856267
11733,43200.000000,42168.471541,0.000020,0.000092,1.570549,1.575234,1.118780
11733,46800.000000,42168.000352,0.000013,0.000078,1.570550,1.575236,1.381281
11733,50400.000000,42167.804534,0.000010,0.000064,1.570550,1.575237,1.643771
11733,54000.000000,42167.915215,0.000009,0.000051,1.570550,1.575239,1.906252
11733,57600.000000,42168.276009,0.000012,0.000036,1.570550,1.575239,2.168726
11733,61200.000000,42168.771990,0.000014,0.000021,1.570550,1.575240,2.431197
11733,64800.000000,42169.268615,0.000016,0.000008,1.570550,1.575239,2.693666
11733,68400.000000,42169.647632,0.000015,-0.000001,1.570550,1.575239,2.956133
11733,72000.000000,42169.831942,0.000014,-0.000006,1.570551,1.575239,3.218600
11733,75600.000000,42169.796421,0.000012,-0.000005,1.570553,1.575240,3.481065
11733,79200.000000,42169.565690,0.000012,0.000002,1.570554,1.575240,3.743528
11733,82800.000000,42169.202421,0.000014,0.000011,1.570556,1.575242,4.005988
11734,0.000000,42168.790810,0.000019,0.000022,1.570557,1.575243,4.268447
11734,3600.000000,42168.419482,0.000024,0.000034,1.570557,1.575245,4.530907
11734,7200.000000,42168.166659,0.000030,0.000045,1.570557,1.575247,4.793370
11734,10800.000000,42168.088442,0.000034,0.000057,1.570557,1.575249,5.055839
11734,14400.000000,42168.209615,0.000037,0.000069,1.570557,1.575250,5.318316
11734,18000.000000,42168.516249,0.000039,0.000082,1.570556,1.575251,5.580805
11734,21600.000000,42168.951283,0.000041,0.000095,1.570556,1.575251,5.843307
11734,25200.000000,42169.417465,0.000043,0.000107,1.570557,1.575250,6.105820
11734,28800.000000,42169.793976,0.000046,0.000116,1.570559,1.575250,0.085158
11734,32400.000000,42169.969563,0.000048,0.000120,1.570562,1.575251,0.347686
11734,36000.000000,42169.884237,0.000048,0.000118,1.570565,1.575253,0.610216
11734,39600.000000,42169.559667,0.000044,0.000111,1.570568,1.575255,0.872740
11734,43200.000000,42169.097808,0.000038,0.000100,1.570569,1.575258,1.135256
11734,46800.000000,42168.643916,0.000030,0.000089,1.570570,1.575261,1.397760
11734,50400.000000,42168.332134,0.000023,0.000078,1.570571,1.575264,1.660252
11734,54000.000000,42168.240638,0.000018,0.000066,1.570570,1.575266,1.922732
11734,57600.000000,42168.373916,0.000015,0.000054,1.570569,1.575267,2.185203
11734,61200.000000,42168.673109,0.000013,0.000042,1.570569,1.575267,2.447667
11734,64800.000000,42169.043757,0.000011,0.000030,1.570569,1.575267,2.710127
11734,68400.000000,42169.387488,0.000008,0.000021,1.570570,1.575267,2.972585
11734,72000.000000,42169.627366,0.000004,0.000015,1.570571,1.575267,3.235042
11734,75600.000000,42169.721811,-0.000000,0.000013,1.570573,1.575268,3.497500
11734,79200.000000,42169.666768,-0.000003,0.000016,1.570574,1.575269,3.759958
11734,82800.000000,42169.489003,-0.000004,0.000022,1.570576,1.575270,4.022418
11735,0.000000,42169.234932,-0.000002,0.000031,1.570578,1.575272,4.284879
11735,3600.000000,42168.959131,0.000002,0.000040,1.570578,1.575275,4.547344
11735,7200.000000,42168.715283,0.000008,0.000049,1.570578,1.575278,4.809814
11735,10800.000000,42168.550133,0.000014,0.000058,1.570578,1.575280,5.072289
11735,14400.000000,42168.499115,0.000020,0.000067,1.570577,1.575282,5.334772
11735,18000.000000,42168.581387,0.000026,0.000076,1.570576,1.575283,5.597265
11735,21600.000000,42168.792989,0.000032,0.000085,1.570576,1.575283,5.859767
11735,25200.000000,42169.099749,0.000038,0.000095,1.570576,1.575283,6.122278
11735,28800.000000,42169.435367,0.000044,0.000103,1.570578,1.575283,0.101613
11735,32400.000000,42169.711831,0.000050,0.000108,1.570581,1.575284,0.364138
11735,36000.000000,42169.845261,0.000055,0.000110,1.570584,1.575285,0.626665
11735,39600.000000,42169.789760,0.000056,0.000107,1.570587,1.575288,0.889190
11735,43200.000000,42169.561594,0.000053,0.000101,1.570589,1.575292,1.151708
11735,46800.000000,42169.236921,0.000048,0.000093,1.570590,1.575296,1.414215
11735,50400.000000,42168.921606,0.000040,0.000084,1.570590,1.575299,1.676709
11735,54000.000000,42168.709477,0.000033,0.000076,1.570589,1.575302,1.939191
11735,57600.000000,42168.650670,0.000027,0.000067,1.570588,1.575304,2.201661
11735,61200.000000,42168.742321,0.000021,0.000058,1.570588,1.575305,2.464122
11735,64800.000000,42168.940029,0.000015,0.000049,1.570587,1.575305,2.726576
11735,68400.000000,42169.180019,0.000009,0.000041,1.570587,1.575305,2.989026
11735,72000.000000,42169.401106,0.000002,0.000035,1.570589,1.575305,3.251474
11735,75600.000000,42169.559366,-0.000004,0.000033,1.570590,1.575306,3.513924
11735,79200.000000,42169.633375,-0.000010,0.000034,1.570592,1.575307,3.776376
11735,82800.000000,42169.621757,-0.000013,0.000038,1.570594,1.575309,4.038832
11736,0.000000,42169.536821,-0.000015,0.000044,1.570596,1.575311,4.301293
11736,3600.000000,42169.398237,-0.000013,0.000051,1.570596,1.575314,4.563760
11736,7200.000000,42169.229331,-0.000009,0.000058,1.570596,1.575318,4.826233
11736,10800.000000,42169.056491,-0.000003,0.000065,1.570596,1.575320,5.088714
11736,14400.000000,42168.909942,0.000004,0.000071,1.570594,1.575323,5.351203
11736,18000.000000,42168.822822,0.000012,0.000077,1.570593,1.575324,5.613699
11736,21600.000000,42168.825674,0.000021,0.000082,1.570592,1.575325,5.876204
11736,25200.000000,42168.935706,0.000030,0.000087,1.570592,1.575325,6.138715
11736,28800.000000,42169.144015,0.000039,0.000092,1.570593,1.575325,0.118047
11736,32400.000000,42169.407982,0.000048,0.000096,1.570595,1.575325,0.380569
11736,36000.000000,42169.657086,0.000056,0.000099,1.570598,1.575327,0.643094
11736,39600.000000,42169.815258,0.000062,0.000098,1.570601,1.575330,0.905616
11736,43200.000000,42169.832152,0.000064,0.000095,1.570603,1.575334,1.168134
11736,46800.000000,42169.706502,0.000063,0.000090,1.570604,1.575338,1.430643
11736,50400.000000,42169.486723,0.000057,0.000084,1.570604,1.575343,1.693140
11736,54000.000000,42169.248176,0.000050,0.000078,1.570603,1.575346,1.955625
11736,57600.000000,42169.061366,0.000042,0.000072,1.570602,1.575349,2.218096
11736,61200.000000,42168.968477,0.000033,0.000067,1.570600,1.575351,2.480556
11736,64800.000000,42168.976906,0.000025,0.000062,1.570599,1.575351,2.743006
11736,68400.000000,42169.067261,0.000016,0.000057,1.570599,1.575351,3.005450
11736,72000.000000,42169.207425,0.000008,0.000054,1.570600,1.575351,3.267891
11736,75600.000000,42169.364768,-0.000001,0.000052,1.570601,1.575352,3.530332
11736,79200.000000,42169.512555,-0.000009,0.000053,1.570603,1.575353,3.792777
11736,82800.000000,42169.630669,-0.000016,0.000055,1.570605,1.575355,4.055227
11737,0.000000,42169.703453,-0.000020,0.000060,1.570606,1.575357,4.317685
11737,3600.000000,42169.718076,-0.000022,0.000065,1.570607,1.575361,4.580152
11737,7200.000000,42169.665805,-0.000021,0.000071,1.570607,1.575364,4.842628
11737,10800.000000,42169.546505,-0.000017,0.000077,1.570606,1.575367,5.105113
11737,14400.000000,42169.374470,-0.000010,0.000081,1.570605,1.575370,5.367606
11737,18000.000000,42169.182057,-0.000001,0.000083,1.570603,1.575372,5.630107
11737,21600.000000,42169.017343,0.000009,0.000084,1.570601,1.575373,5.892614
11737,25200.000000,42168.933575,0.000020,0.000085,1.570600,1.575373,6.155127
11737,28800.000000,42168.971506,0.000030,0.000086,1.570600,1.575373,0.134458
11737,32400.000000,42169.140190,0.000041,0.000087,1.570602,1.575373,0.396977
11737,36000.000000,42169.405422,0.000052,0.000088,1.570604,1.575375,0.659498
11737,39600.000000,42169.694786,0.000062,0.000088,1.570606,1.575377,0.922018
11737,43200.000000,42169.921619,0.000069,0.000086,1.570609,1.575381,1.184534
11737,46800.000000,42170.018823,0.000072,0.000083,1.570610,1.575386,1.447043
11737,50400.000000,42169.965085,0.000071,0.000079,1.570610,1.575391,1.709542
11737,54000.000000,42169.789292,0.000066,0.000075,1.570609,1.575395,1.972029
11737,57600.000000,42169.552951,0.000058,0.000072,1.570607,1.575398,2.234502
11737,61200.000000,42169.323501,0.000048,0.000070,1.570605,1.575400,2.496962
11737,64800.000000,42169.153298,0.000038,0.000069,1.570603,1.575401,2.759411
11737,68400.000000,42169.071115,0.000028,0.000068,1.570602,1.575402,3.021850
11737,72000.000000,42169.083935,0.000018,0.000068,1.570602,1.575402,3.284285
11737,75600.000000,42169.182813,0.000007,0.000069,1.570603,1.575402,3.546719
11737,79200.000000,42169.347790,-0.000002,0.000070,1.570604,1.575403,3.809156
11737,82800.000000,42169.550283,-0.000012,0.000072,1.570606,1.575404,4.071599
11738,0.000000,42169.754297,-0.000019,0.000076,1.570607,1.575407,4.334053
11738,3600.000000,42169.919008,-0.000025,0.000081,1.570608,1.575410,4.596517
11738,7200.000000,42170.004640,-0.000027,0.000086,1.570608,1.575414,4.858993
11738,10800.000000,42169.981771,-0.000025,0.000091,1.570607,1.575417,5.121481
11738,14400.000000,42169.841986,-0.000019,0.000094,1.570605,1.575420,5.383978
11738,18000.000000,42169.606153,-0.000011,0.000094,1.570603,1.575422,5.646484
11738,21600.000000,42169.326025,-0.000001,0.000092,1.570601,1.575423,5.908995
11738,25200.000000,42169.075950,0.000010,0.000089,1.570599,1.575424,6.171509
11738,28800.000000,42168.934258,0.000021,0.000085,1.570599,1.575424,0.150841
11738,32400.000000,42168.957970,0.000033,0.000082,1.570599,1.575424,0.413359
11738,36000.000000,42169.158959,0.000045,0.000081,1.570601,1.575425,0.675876
11738,39600.000000,42169.492325,0.000057,0.000079,1.570603,1.575427,0.938393
11738,43200.000000,42169.865717,0.000068,0.000077,1.570605,1.575430,1.200906
11738,46800.000000,42170.169829,0.000076,0.000074,1.570606,1.575435,1.463414
11738,50400.000000,42170.318205,0.000080,0.000071,1.570605,1.575440,1.725913
11738,54000.000000,42170.277222,0.000078,0.000068,1.570604,1.575444,1.988402
11738,57600.000000,42170.072272,0.000072,0.000067,1.570602,1.575448,2.250877
11738,61200.000000,42169.770838,0.000062,0.000068,1.570599,1.575451,2.513338
11738,64800.000000,42169.455353,0.000052,0.000071,1.570597,1.575452,2.775786
11738,68400.000000,42169.199695,0.000041,0.000074,1.570595,1.575452,3.038223
11738,72000.000000,42169.055723,0.000030,0.000078,1.570595,1.575452,3.300652
11738,75600.000000,42169.048611,0.000019,0.000082,1.570595,1.575452,3.563079
11738,79200.000000,42169.176886,0.000009,0.000085,1.570596,1.575453,3.825509
11738,82800.000000,42169.414300,-0.000002,0.000088,1.570597,1.575454,4.087945
11739,0.000000,42169.713231,-0.000013,0.000092,1.570598,1.575457,4.350392
11739,3600.000000,42170.010863,-0.000021,0.000097,1.570599,1.575460,4.612852
11739,7200.000000,42170.239326,-0.000026,0.000102,1.570599,1.575463,4.875327
11739,10800.000000,42170.339539,-0.000027,0.000107,1.570598,1.575467,5.137816
11739,14400.000000,42170.276492,-0.000024,0.000109,1.570596,1.575469,5.400316
11739,18000.000000,42170.052081,-0.000017,0.000108,1.570594,1.575472,5.662825
11739,21600.000000,42169.710932,-0.000008,0.000104,1.570591,1.575473,5.925340
11739,25200.000000,42169.335440,0.000002,0.000097,1.570589,1.575474,6.187858
11739,28800.000000,42169.028538,0.000013,0.000090,1.570588,1.575474,0.167192
11739,32400.000000,42168.886323,0.000024,0.000083,1.570588,1.575473,0.429709
11739,36000.000000,42168.966967,0.000035,0.000077,1.570588,1.575474,0.692225
11739,39600.000000,42169.266158,0.000049,0.000074,1.570590,1.575475,0.954738
11739,43200.000000,42169.710464,0.000062,0.000070,1.570591,1.575478,1.217248
11739,46800.000000,42170.175838,0.000074,0.000067,1.570592,1.575482,1.479753
11739,50400.000000,42170.527999,0.000083,0.000063,1.570592,1.575487,1.742251
11739,54000.000000,42170.668984,0.000085,0.000060,1.570590,1.575491,2.004740
11739,57600.000000,42170.568750,0.000082,0.000059,1.570588,1.575495,2.267216
11739,61200.000000,42170.268668,0.000075,0.000062,1.570585,1.575498,2.529679
11739,64800.000000,42169.859875,0.000065,0.000068,1.570582,1.575499,2.792127
11739,68400.000000,42169.450891,0.000055,0.000076,1.570580,1.575500,3.054562
11739,72000.000000,42169.138755,0.000044,0.000084,1.570578,1.575500,3.316988
11739,75600.000000,42168.990302,0.000034,0.000091,1.570578,1.575500,3.579409
11739,79200.000000,42169.033348,0.000023,0.000096,1.570579,1.575500,3.841831
11739,82800.000000,42169.255099,0.000011,0.000101,1.570579,1.575501,4.104259
11740,0.000000,42169.605976,-0.000001,0.000106,1.570580,1.575503,4.366699
11740,3600.000000,42170.008494,-0.000012,0.000112,1.570581,1.575506,4.629154
11740,7200.000000,42170.371221,-0.000020,0.000118,1.570581,1.575509,4.891625
11740,10800.000000,42170.606920,-0.000025,0.000123,1.570580,1.575512,5.154113
11740,14400.000000,42170.652302,-0.000024,0.000126,1.570578,1.575515,5.416615
11740,18000.000000,42170.485316,-0.000019,0.000125,1.570576,1.575517,5.679128
11740,21600.000000,42170.135274,-0.000012,0.000119,1.570573,1.575518,5.941647
11740,25200.000000,42169.681705,-0.000003,0.000110,1.570570,1.575519,6.204170
11740,28800.000000,42169.239851,0.000006,0.000099,1.570569,1.575519,0.183506
11740,32400.000000,42168.933824,0.000016,0.000088,1.570568,1.575519,0.446025
11740,36000.000000,42168.862298,0.000026,0.000080,1.570568,1.575519,0.708540
11740,39600.000000,42169.065520,0.000039,0.000073,1.570569,1.575519,0.971051
11740,43200.000000,42169.505097,0.000054,0.000067,1.570570,1.575521,1.233558
11740,46800.000000,42170.067303,0.000068,0.000062,1.570570,1.575525,1.496060
11740,50400.000000,42170.594214,0.000081,0.000057,1.570570,1.575528,1.758556
11740,54000.000000,42170.934802,0.000088,0.000052,1.570569,1.575533,2.021044
11740,57600.000000,42170.995941,0.000089,0.000051,1.570566,1.575536,2.283520
11740,61200.000000,42170.770912,0.000084,0.000054,1.570563,1.575539,2.545983
11740,64800.000000,42170.334649,0.000076,0.000062,1.570560,1.575541,2.808431
11740,68400.000000,42169.812628,0.000067,0.000073,1.570557,1.575541,3.070866
11740,72000.000000,42169.340597,0.000058,0.000085,1.570555,1.575541,3.333288
11740,75600.000000,42169.030274,0.000049,0.000095,1.570554,1.575541,3.595704
11740,79200.000000,42168.947758,0.000039,0.000104,1.570554,1.575541,3.858119
11740,82800.000000,42169.104753,0.000027,0.000112,1.570555,1.575542,4.120540
11741,0.000000,42169.460268,0.000015,0.000118,1.570556,1.575543,4.382972
11741,3600.000000,42169.930792,0.000002,0.000125,1.570556,1.575545,4.645420
11741,7200.000000,42170.407406,-0.000009,0.000132,1.570556,1.575548,4.907886
11741,10800.000000,42170.777924,-0.000016,0.000139,1.570555,1.575551,5.170372
11741,14400.000000,42170.950967,-0.000018,0.000142,1.570553,1.575553,5.432874
11741,18000.000000,42170.877636,-0.000016,0.000142,1.570551,1.575555,5.695389
11741,21600.000000,42170.565929,-0.000010,0.000137,1.570548,1.575557,5.957913
11741,25200.000000,42170.083650,-0.000003,0.000126,1.570546,1.575557,6.220440
11741,28800.000000,42169.547343,0.000004,0.000113,1.570544,1.575557,0.199781
11741,32400.000000,42169.097597,0.000011,0.000099,1.570542,1.575556,0.462303
11741,36000.000000,42168.864412,0.000020,0.000087,1.570542,1.575556,0.724820
11741,39600.000000,42168.929837,0.000030,0.000077,1.570542,1.575557,0.987330
11741,43200.000000,42169.298096,0.000044,0.000069,1.570543,1.575558,1.249834
11741,46800.000000,42169.884665,0.000060,0.000061,1.570543,1.575560,1.512333
11741,50400.000000,42170.533135,0.000075,0.000054,1.570543,1.575563,1.774826
11741,54000.000000,42171.060062,0.000086,0.000047,1.570542,1.575567,2.037312
11741,57600.000000,42171.314610,0.000091,0.000044,1.570540,1.575570,2.299787
11741,61200.000000,42171.229094,0.000090,0.000046,1.570537,1.575572,2.562250
11741,64800.000000,42170.838307,0.000085,0.000054,1.570533,1.575574,2.824698
11741,68400.000000,42170.261409,0.000078,0.000067,1.570530,1.575575,3.087132
11741,72000.000000,42169.658780,0.000071,0.000082,1.570528,1.575574,3.349553
11741,75600.000000,42169.184153,0.000064,0.000096,1.570527,1.575574,3.611964
11741,79200.000000,42168.947608,0.000056,0.000109,1.570527,1.575574,3.874373
11741,82800.000000,42168.995478,0.000046,0.000119,1.570527,1.575574,4.136786
11742,0.000000,42169.306494,0.000033,0.000127,1.570527,1.575575,4.399209
11742,3600.000000,42169.801093,0.000020,0.000136,1.570527,1.575576,4.661649
11742,7200.000000,42170.360564,0.000007,0.000144,1.570527,1.575579,4.924109
11742,10800.000000,42170.852720,-0.000002,0.000152,1.570526,1.575581,5.186590
11742,14400.000000,42171.160091,-0.000007,0.000158,1.570525,1.575583,5.449091
11742,18000.000000,42171.205908,-0.000007,0.000159,1.570523,1.575585,5.711608
11742,21600.000000,42170.972819,-0.000004,0.000155,1.570520,1.575586,5.974135
11742,25200.000000,42170.509939,0.000001,0.000144,1.570518,1.575586,6.236667
11742,28800.000000,42169.925614,0.000007,0.000130,1.570516,1.575586,0.216013
11742,32400.000000,42169.365827,0.000012,0.000114,1.570515,1.575586,0.478540
11742,36000.000000,42168.981149,0.000017,0.000099,1.570514,1.575585,0.741060
11742,39600.000000,42168.888171,0.000025,0.000086,1.570514,1.575585,1.003571
11742,43200.000000,42169.134025,0.000037,0.000075,1.570514,1.575586,1.266075
11742,46800.000000,42169.674501,0.000051,0.000065,1.570514,1.575587,1.528572
11742,50400.000000,42170.376080,0.000067,0.000055,1.570514,1.575589,1.791061
11742,54000.000000,42171.047696,0.000081,0.000046,1.570513,1.575592,2.053544
11742,57600.000000,42171.497562,0.000090,0.000040,1.570511,1.575595,2.316017
11742,61200.000000,42171.596575,0.000093,0.000039,1.570509,1.575597,2.578479
11742,64800.000000,42171.321865,0.000091,0.000046,1.570506,1.575598,2.840927
11742,68400.000000,42170.761114,0.000087,0.000059,1.570503,1.575599,3.103360
11742,72000.000000,42170.078104,0.000082,0.000075,1.570501,1.575598,3.365779
11742,75600.000000,42169.458033,0.000078,0.000093,1.570499,1.575598,3.628187
11742,79200.000000,42169.055331,0.000072,0.000108,1.570499,1.575597,3.890591
11742,82800.000000,42168.958725,0.000065,0.000121,1.570499,1.575597,4.152996
11743,0.000000,42169.177669,0.000054,0.000132,1.570499,1.575598,4.415411
11743,3600.000000,42169.647651,0.000041,0.000142,1.570499,1.575599,4.677842
11743,7200.000000,42170.249572,0.000027,0.000153,1.570499,1.575600,4.940294
11743,10800.000000,42170.838063,0.000016,0.000163,1.570498,1.575602,5.202769
11743,14400.000000,42171.273468,0.000009,0.000170,1.570497,1.575604,5.465267
11743,18000.000000,42171.452032,0.000007,0.000174,1.570495,1.575605,5.727783
11743,21600.000000,42171.328891,0.000008,0.000171,1.570493,1.575606,5.990313
11743,25200.000000,42170.929343,0.000011,0.000162,1.570491,1.575606,6.252849
11743,28800.000000,42170.345644,0.000015,0.000148,1.570490,1.575606,0.232201
11743,32400.000000,42169.719054,0.000017,0.000131,1.570488,1.575606,0.494734
11743,36000.000000,42169.209581,0.000020,0.000114,1.570487,1.575605,0.757259
11743,39600.000000,42168.958445,0.000025,0.000099,1.570487,1.575605,1.019774
11743,43200.000000,42169.050442,0.000033,0.000086,1.570487,1.575605,1.282278
11743,46800.000000,42169.485121,0.000045,0.000074,1.570487,1.575606,1.544774
11743,50400.000000,42170.166467,0.000060,0.000061,1.570487,1.575607,1.807261
11743,54000.000000,42170.919366,0.000075,0.000050,1.570486,1.575609,2.069741
11743,57600.000000,42171.534965,0.000086,0.000040,1.570485,1.575611,2.332211
11743,61200.000000,42171.835148,0.000092,0.000036,1.570483,1.575612,2.594671
11743,64800.000000,42171.733179,0.000093,0.000039,1.570481,1.575613,2.857118
11743,68400.000000,42171.263726,0.000092,0.000050,1.570479,1.575614,3.119550
11743,72000.000000,42170.568316,0.000090,0.000067,1.570477,1.575614,3.381968
11743,75600.000000,42169.844794,0.000089,0.000086,1.570475,1.575613,3.644374
11743,79200.000000,42169.284809,0.000087,0.000104,1.570475,1.575612,3.906773
11743,82800.000000,42169.022735,0.000082,0.000119,1.570474,1.575612,4.169172
11744,0.000000,42169.108238,0.000074,0.000132,1.570474,1.575612,4.431578
11744,3600.000000,42169.503507,0.000063,0.000145,1.570475,1.575613,4.694000
11744,7200.000000,42170.100058,0.000050,0.000157,1.570474,1.575614,4.956444
11744,10800.000000,42170.748176,0.000038,0.000169,1.570474,1.575615,5.218911
11744,14400.000000,42171.292014,0.000030,0.000179,1.570473,1.575616,5.481403
11744,18000.000000,42171.603755,0.000026,0.000185,1.570472,1.575617,5.743917
11744,21600.000000,42171.610836,0.000025,0.000185,1.570470,1.575618,6.006448
11744,25200.000000,42171.311481,0.000027,0.000178,1.570469,1.575618,6.268988
11744,28800.000000,42170.775657,0.000028,0.000165,1.570468,1.575618,0.248346
11744,32400.000000,42170.131085,0.000029,0.000148,1.570467,1.575617,0.510885
11744,36000.000000,42169.536497,0.000029,0.000131,1.570466,1.575617,0.773416
11744,39600.000000,42169.146601,0.000030,0.000114,1.570466,1.575617,1.035936
11744,43200.000000,42169.074894,0.000035,0.000099,1.570466,1.575617,1.298444
11744,46800.000000,42169.361630,0.000044,0.000085,1.570466,1.575617,1.560940
11744,50400.000000,42169.955066,0.000056,0.000071,1.570466,1.575618,1.823426
11744,54000.000000,42170.714144,0.000070,0.000057,1.570465,1.575619,2.085903
11744,57600.000000,42171.438327,0.000082,0.000044,1.570464,1.575620,2.348371
11744,61200.000000,42171.922802,0.000089,0.000036,1.570463,1.575621,2.610828
11744,64800.000000,42172.024465,0.000093,0.000035,1.570462,1.575621,2.873273
11744,68400.000000,42171.713286,0.000094,0.000042,1.570460,1.575622,3.135704
11744,72000.000000,42171.083623,0.000095,0.000057,1.570459,1.575621,3.398121
11744,75600.000000,42170.320527,0.000096,0.000076,1.570458,1.575621,3.660525
11744,79200.000000,42169.636745,0.000098,0.000096,1.570458,1.575621,3.922920
11744,82800.000000,42169.208447,0.000097,0.000113,1.570457,1.575620,4.185314
11745,0.000000,42169.131321,0.000093,0.000128,1.570457,1.575620,4.447713
11745,3600.000000,42169.405193,0.000085,0.000142,1.570457,1.575621,4.710127
11745,7200.000000,42169.944330,0.000073,0.000155,1.570457,1.575621,4.972561
11745,10800.000000,42170.605515,0.000062,0.000169,1.570457,1.575622,5.235020
11745,14400.000000,42171.224994,0.000053,0.000182,1.570456,1.575622,5.497505
11745,18000.000000,42171.656081,0.000048,0.000191,1.570456,1.575623,5.760014
11745,21600.000000,42171.800489,0.000046,0.000194,1.570455,1.575623,6.022544
11745,25200.000000,42171.628127,0.000047,0.000190,1.570454,1.575623,0.001900
11745,28800.000000,42171.182326,0.000047,0.000179,1.570453,1.575623,0.264448
11745,32400.000000,42170.570012,0.000046,0.000164,1.570453,1.575623,0.526994
11745,36000.000000,42169.938903,0.000044,0.000146,1.570452,1.575623,0.789532
11745,39600.000000,42169.445906,0.000042,0.000129,1.570452,1.575623,1.052059
11745,43200.000000,42169.222152,0.000043,0.000114,1.570452,1.575623,1.314571
11745,46800.000000,42169.340743,0.000048,0.000099,1.570452,1.575623,1.577070
11745,50400.000000,42169.793588,0.000056,0.000084,1.570452,1.575623,1.839557
11745,54000.000000,42170.483975,0.000067,0.000068,1.570452,1.575624,2.102032
11745,57600.000000,42171.241213,0.000078,0.000053,1.570452,1.575624,2.364496
11745,61200.000000,42171.860473,0.000086,0.000040,1.570451,1.575625,2.626950
11745,64800.000000,42172.162324,0.000091,0.000034,1.570451,1.575625,2.889392
11745,68400.000000,42172.054186,0.000094,0.000037,1.570450,1.575625,3.151822
11745,72000.000000,42171.566150,0.000096,0.000049,1.570450,1.575625,3.414237
11745,75600.000000,42170.843072,0.000100,0.000066,1.570450,1.575625,3.676640
11745,79200.000000,42170.094233,0.000104,0.000085,1.570450,1.575625,3.939034
11745,82800.000000,42169.524379,0.000108,0.000103,1.570450,1.575625,4.201424
11746,0.000000,42169.274487,0.000108,0.000119,1.570450,1.575625,4.463817
11746,3600.000000,42169.390107,0.000103,0.000134,1.570450,1.575625,4.726223
11746,7200.000000,42169.820412,0.000095,0.000149,1.570450,1.575625,4.988648
11746,10800.000000,42170.441190,0.000085,0.000164,1.570450,1.575625,5.251098
11746,14400.000000,42171.091417,0.000077,0.000179,1.570450,1.575626,5.513575
11746,18000.000000,42171.613253,0.000072,0.000190,1.570449,1.575626,5.776079
11746,21600.000000,42171.887085,0.000070,0.000196,1.570449,1.575626,6.038605
11746,25200.000000,42171.855530,0.000070,0.000196,1.570449,1.575626,0.017962
11746,28800.000000,42171.532995,0.000069,0.000188,1.570449,1.575626,0.280512
11746,32400.000000,42171.000158,0.000068,0.000175,1.570449,1.575626,0.543063
11746,36000.000000,42170.385402,0.000064,0.000159,1.570449,1.575626,0.805609
11746,39600.000000,42169.837189,0.000060,0.000143,1.570449,1.575626,1.068142
11746,43200.000000,42169.492458,0.000057,0.000127,1.570449,1.575627,1.330662
11746,46800.000000,42169.446286,0.000058,0.000112,1.570449,1.575627,1.593165
11746,50400.000000,42169.727704,0.000062,0.000097,1.570449,1.575627,1.855653
11746,54000.000000,42170.286454,0.000069,0.000081,1.570449,1.575627,2.118128
11746,57600.000000,42170.995696,0.000078,0.000064,1.570449,1.575627,2.380590
11746,61200.000000,42171.675358,0.000084,0.000049,1.570449,1.575627,2.643040
11746,64800.000000,42172.137010,0.000089,0.000039,1.570450,1.575627,2.905479
11746,68400.000000,42172.242351,0.000091,0.000037,1.570450,1.575627,3.167906
11746,72000.000000,42171.953859,0.000094,0.000043,1.570451,1.575627,3.430320
11746,75600.000000,42171.354100,0.000099,0.000057,1.570452,1.575628,3.692722
11746,79200.000000,42170.619710,0.000105,0.000074,1.570452,1.575628,3.955114
11746,82800.000000,42169.960894,0.000112,0.000091,1.570453,1.575629,4.217502
11747,0.000000,42169.553728,0.000116,0.000108,1.570453,1.575629,4.479892
11747,3600.000000,42169.491709,0.000116,0.000123,1.570453,1.575630,4.742292
11747,7200.000000,42169.769055,0.000112,0.000138,1.570453,1.575630,5.004709
11747,10800.000000,42170.293765,0.000105,0.000154,1.570453,1.575630,5.267151
11747,14400.000000,42170.920318,0.000099,0.000170,1.570453,1.575630,5.529619
11747,18000.000000,42171.490108,0.000095,0.000183,1.570453,1.575630,5.792115
11747,21600.000000,42171.869312,0.000093,0.000192,1.570454,1.575630,6.054636
11747,25200.000000,42171.976836,0.000093,0.000195,1.570454,1.575630,0.033991
11747,28800.000000,42171.798204,0.000093,0.000190,1.570455,1.575630,0.296542
11747,32400.000000,42171.384491,0.000091,0.000180,1.570455,1.575630,0.559098
11747,36000.000000,42170.838178,0.000087,0.000167,1.570456,1.575631,0.821649
11747,39600.000000,42170.289876,0.000082,0.000152,1.570457,1.575631,1.084190
11747,43200.000000,42169.870794,0.000076,0.000138,1.570457,1.575632,1.346716
11747,46800.000000,42169.685688,0.000073,0.000123,1.570457,1.575633,1.609226
11747,50400.000000,42169.790187,0.000073,0.000109,1.570457,1.575633,1.871718
11747,54000.000000,42170.175562,0.000076,0.000094,1.570457,1.575634,2.134193
